id,original_firstorder_10Percentile,original_firstorder_90Percentile,original_firstorder_Energy,original_firstorder_Entropy,original_firstorder_InterquartileRange,original_firstorder_Kurtosis,original_firstorder_Maximum,original_firstorder_Mean,original_firstorder_MeanAbsoluteDeviation,original_firstorder_Median,original_firstorder_Minimum,original_firstorder_Range,original_firstorder_RobustMeanAbsoluteDeviation,original_firstorder_RootMeanSquared,original_firstorder_Skewness,original_firstorder_TotalEnergy,original_firstorder_Uniformity,original_firstorder_Variance,original_glcm_Autocorrelation,original_glcm_ClusterProminence,original_glcm_ClusterShade,original_glcm_ClusterTendency,original_glcm_Contrast,original_glcm_Correlation,original_glcm_DifferenceAverage,original_glcm_DifferenceEntropy,original_glcm_DifferenceVariance,original_glcm_Id,original_glcm_Idm,original_glcm_Idmn,original_glcm_Idn,original_glcm_Imc1,original_glcm_Imc2,original_glcm_InverseVariance,original_glcm_JointAverage,original_glcm_JointEnergy,original_glcm_JointEntropy,original_glcm_MCC,original_glcm_MaximumProbability,original_glcm_SumAverage,original_glcm_SumEntropy,original_glcm_SumSquares,original_gldm_DependenceEntropy,original_gldm_DependenceNonUniformity,original_gldm_DependenceNonUniformityNormalized,original_gldm_DependenceVariance,original_gldm_GrayLevelNonUniformity,original_gldm_GrayLevelVariance,original_gldm_HighGrayLevelEmphasis,original_gldm_LargeDependenceEmphasis,original_gldm_LargeDependenceHighGrayLevelEmphasis,original_gldm_LargeDependenceLowGrayLevelEmphasis,original_gldm_LowGrayLevelEmphasis,original_gldm_SmallDependenceEmphasis,original_gldm_SmallDependenceHighGrayLevelEmphasis,original_gldm_SmallDependenceLowGrayLevelEmphasis,original_glrlm_GrayLevelNonUniformity,original_glrlm_GrayLevelNonUniformityNormalized,original_glrlm_GrayLevelVariance,original_glrlm_HighGrayLevelRunEmphasis,original_glrlm_LongRunEmphasis,original_glrlm_LongRunHighGrayLevelEmphasis,original_glrlm_LongRunLowGrayLevelEmphasis,original_glrlm_LowGrayLevelRunEmphasis,original_glrlm_RunEntropy,original_glrlm_RunLengthNonUniformity,original_glrlm_RunLengthNonUniformityNormalized,original_glrlm_RunPercentage,original_glrlm_RunVariance,original_glrlm_ShortRunEmphasis,original_glrlm_ShortRunHighGrayLevelEmphasis,original_glrlm_ShortRunLowGrayLevelEmphasis,original_glszm_GrayLevelNonUniformity,original_glszm_GrayLevelNonUniformityNormalized,original_glszm_GrayLevelVariance,original_glszm_HighGrayLevelZoneEmphasis,original_glszm_LargeAreaEmphasis,original_glszm_LargeAreaHighGrayLevelEmphasis,original_glszm_LargeAreaLowGrayLevelEmphasis,original_glszm_LowGrayLevelZoneEmphasis,original_glszm_SizeZoneNonUniformity,original_glszm_SizeZoneNonUniformityNormalized,original_glszm_SmallAreaEmphasis,original_glszm_SmallAreaHighGrayLevelEmphasis,original_glszm_SmallAreaLowGrayLevelEmphasis,original_glszm_ZoneEntropy,original_glszm_ZonePercentage,original_glszm_ZoneVariance,original_ngtdm_Busyness,original_ngtdm_Coarseness,original_ngtdm_Complexity,original_ngtdm_Contrast,original_ngtdm_Strength,original_shape_Elongation,original_shape_Flatness,original_shape_LeastAxisLength,original_shape_MajorAxisLength,original_shape_Maximum2DDiameterColumn,original_shape_Maximum2DDiameterRow,original_shape_Maximum2DDiameterSlice,original_shape_Maximum3DDiameter,original_shape_MeshVolume,original_shape_MinorAxisLength,original_shape_Sphericity,original_shape_SurfaceArea,original_shape_SurfaceVolumeRatio,original_shape_VoxelVolume
SYNTH_001,3592.725897,607.692571,481.963286,0.341446,796.478599,4336.958245,0.225309,54.682615,0.304547,6169.479057,3967.979154,0.136401,4878.290682,0.382209,0.693595,14.630418,1.199592,6.991745,5182.106364,40.975793,55.285588,4.376169,55.851482,673.500967,4128.726417,8527.30902,3044.066846,5.959941,6237.499587,0.338004,41.953678,4.998717,73.811821,692.353111,260.297653,47.925488,0.230905,2.723473,733.468906,7.979814,2683.92324,0.536951,81.667294,8020.165939,275.394264,4.24944,48.2942,65.421793,0.426086,6392.79821,9.57942,20.226939,2.759354,0.549385,9232.779245,5.036659,3.852067,366.0612,1.067229,-0.435423,0.417803,1012.161983,0.563959,90.698924,235.968691,3500.71616,0.214483,0.726424,46.951827,3.069177,0.326604,14.820979,0.309241,8.211961,48.278142,4359.192863,39.639382,31.101289,4.566431,0.627258,6.422626,66.896033,0.358782,0.543028,43.752353,6.421326,4328.128847,767.843502,4.187375,0.911946,336.730132,244.988068,251.120862,0.283971,-0.028768,111.096293,15.199298,1.440693,0.28635,9.53805,3.738242,209.040739,-0.056922,1482.581072,0.265796,0.298549,-0.097674
SYNTH_002,6750.407366,596.346645,594.707291,0.60063,425.236708,5508.621703,0.577403,45.937014,0.596336,4480.33491,5655.344231,0.482488,5776.912289,0.542313,0.534543,53.067857,5.41598,4.76982,4599.002558,63.04915,47.27641,5.991853,58.158943,486.101765,5271.858359,4912.786944,5875.956625,6.48895,4179.288322,0.584799,53.905315,6.217096,48.871379,540.865643,622.624674,39.534339,0.47016,6.839707,362.626596,4.168,5144.411839,0.536682,61.027281,2832.768324,553.845228,5.624781,52.697297,49.03654,0.493657,2728.74508,4.569217,58.401301,4.510682,0.459702,4002.359651,4.332427,2.497824,6477.595974,0.366031,68.963043,0.603118,523.826457,0.210042,40.251344,440.59729,6117.494823,0.528981,0.52441,42.944713,6.973948,0.466651,56.846272,0.561244,4.513455,59.37372,5511.688685,48.844351,71.688138,4.547575,0.432498,4.120668,46.32249,0.402808,0.447648,33.861287,3.394061,5210.713029,414.1414,4.741109,0.442613,509.635095,465.298166,545.122654,0.704733,0.622354,652.259712,805.982959,6.594067,0.616566,69.461939,64.127257,590.533154,0.663949,6705.380904,0.602499,0.652775,0.615636
SYNTH_003,5530.0791,412.953921,560.264581,0.640491,388.511123,6285.342755,0.52315,45.755868,0.530071,4539.803432,6518.97294,0.693561,5677.720369,0.475602,0.366291,71.140396,5.650782,4.675845,6151.785201,63.175975,33.060663,5.91626,49.324877,468.798516,6385.250056,3339.290256,5366.979275,5.101205,5068.91116,0.61723,55.706293,5.17348,45.687673,287.602749,610.255449,53.367863,0.606248,5.823308,440.030036,3.037671,5310.544519,0.502587,43.610361,3686.568907,594.509223,4.733401,57.016701,48.32838,0.481336,3037.818033,4.140845,54.349847,6.243227,0.46582,2782.930752,4.949038,5.510434,6807.78261,0.379476,82.360743,0.54763,267.860042,0.50642,28.971255,677.464573,6088.930858,0.554854,0.407435,44.185645,6.548028,0.615073,67.67012,0.568255,4.679733,48.152653,5683.777006,56.308851,55.283371,4.509459,0.498148,4.664445,49.775856,0.477855,0.523699,51.896285,4.905688,4893.315995,425.991959,5.603103,0.315233,500.891232,573.616333,811.084567,0.602346,0.847106,636.22642,783.537909,7.637025,0.603844,79.662228,65.591954,679.060475,0.698052,6034.265245,0.710266,0.563915,0.735629
SYNTH_004,3682.324993,292.756925,590.724809,0.575044,369.761123,3957.382756,0.634794,61.675466,0.511774,1842.962528,5591.743832,0.628103,4598.663114,0.56385,0.202953,54.836532,7.565406,1.960287,4423.005227,53.195076,75.58912,2.074469,33.008295,432.298137,6975.357553,3210.311163,6654.600998,2.474697,6261.658444,0.600139,43.319179,5.320321,42.886708,237.157951,489.154393,69.151925,0.815308,5.585959,306.661037,3.612678,4500.471398,0.471961,24.690203,4024.903505,612.602114,5.793187,48.053384,53.606902,0.47551,4486.969356,2.811866,65.733627,6.438474,0.808493,4293.014341,8.625322,7.088944,5093.578606,0.386854,79.605611,0.305271,294.615697,0.905301,58.168969,882.075769,2638.097033,0.786058,0.447355,51.760852,3.762812,0.813021,33.682633,0.577569,2.190107,33.575661,3749.508996,58.662371,25.879295,6.072909,0.731921,3.258821,45.84388,0.684892,0.433387,62.634841,5.82428,5722.804424,513.195153,6.155213,0.5528,698.735364,435.718371,543.715723,0.353818,0.499467,550.646738,551.210338,4.372908,0.202517,33.82629,36.214767,500.425596,0.310075,5319.154807,0.519881,0.392493,0.785694
SYNTH_005,4156.233447,404.808921,531.529139,0.656313,343.709617,4185.199837,0.588233,53.620699,0.531307,2867.359773,6407.084265,0.521212,4064.78515,0.459859,0.426601,51.250528,6.165829,3.970996,5048.940153,42.32742,56.703262,2.92694,39.8757,380.693152,5965.34333,3721.399276,6399.427686,4.6271,6056.353566,0.562952,39.7401,4.412031,50.835524,280.911772,564.469222,53.932335,0.761185,3.450747,341.172891,4.037864,5503.4702,0.566619,25.810296,3773.916211,584.459604,5.730674,49.852301,47.072417,0.385902,5565.475177,3.974115,61.714888,6.623919,0.647845,4395.312806,6.791664,6.877709,5626.027003,0.292337,57.371852,0.344645,298.258115,0.765387,47.361447,783.597996,2279.863961,0.679054,0.538236,50.257395,3.753053,0.585253,55.873642,0.582995,3.023055,38.270399,5170.212773,58.079861,41.089623,5.776629,0.635049,4.631227,51.863915,0.592862,0.60686,54.110391,5.389342,6344.641755,547.946408,4.35587,0.499814,641.062989,586.359605,611.958367,0.362197,0.532742,545.645843,541.266447,5.118687,0.412589,37.784629,46.638905,545.91774,0.349398,5448.044675,0.450374,0.472146,0.664892
SYNTH_006,6945.236927,180.269237,292.407047,0.65587,205.903875,5958.766595,0.446241,54.271228,0.871721,7837.119362,6488.280893,0.68333,5582.25307,0.535289,0.245255,37.812118,6.456447,6.404752,6391.357243,90.591231,65.462813,3.602907,46.91777,383.831106,10133.176417,4957.647405,2886.981261,5.995895,5657.831483,0.678089,42.918059,9.093798,13.872557,764.303721,730.960536,78.738998,0.594998,8.21343,893.569261,3.673914,4367.314751,0.883479,60.40847,3747.217521,413.91556,6.175057,32.442165,31.897903,0.336015,-326.374058,6.435521,76.914998,3.7239,0.966633,1544.932119,3.176737,0.750048,6430.32995,0.556432,67.387345,0.778447,-110.848735,0.09857,28.069856,475.679126,10817.822743,0.342768,0.684146,32.313095,5.775841,0.61402,67.16333,0.685022,6.355422,58.59298,6288.292322,24.701143,93.109014,8.173145,0.404371,5.117197,31.455276,-0.03945,0.150563,27.17553,-1.093762,1200.300276,342.856478,7.885713,0.560674,273.2941,451.779479,218.057138,0.767655,0.937639,861.743935,517.950561,5.729578,1.025792,67.034855,71.539557,647.688517,0.742184,8760.08264,0.833643,0.271586,0.776377
SYNTH_007,8456.70475,631.435346,427.177081,0.486324,628.480507,7109.920161,0.577569,45.231028,0.679934,8754.898312,5346.977892,0.514051,5307.174358,0.615368,0.718562,65.870544,4.43422,7.791448,4886.06076,87.788709,-2.571209,10.607929,66.786585,470.289202,4068.135581,4563.730719,5534.220133,7.287648,2205.102923,0.54644,52.016144,6.185528,45.372203,909.252732,706.015424,33.665025,0.102121,8.865085,575.09046,4.779447,5862.262528,0.570855,55.044653,5777.048554,535.836488,5.086037,64.250143,39.444719,0.470067,3727.801777,3.816231,49.542482,2.005779,0.166364,4062.710896,0.171267,0.639855,9208.628096,0.130414,60.36802,0.796384,412.278385,-0.097914,25.684342,336.700381,10424.347217,0.112273,0.408462,36.572191,9.71699,0.146945,93.171703,0.551803,5.444607,75.236533,5457.744688,38.247966,98.087789,4.818762,0.007643,3.981692,38.848816,0.425193,0.317206,46.888116,2.362007,5831.726589,148.275744,5.12839,0.225459,400.875622,630.696032,607.891236,0.989551,0.934813,632.656363,898.6312,8.390324,0.901042,117.807462,115.118365,800.046762,1.198979,6792.658242,0.806316,0.845933,0.395188
SYNTH_008,6134.479871,583.478114,363.934145,0.46094,723.41917,4910.261616,0.367177,44.957957,0.417045,7328.759922,5543.011996,0.359368,5609.170061,0.491289,0.88558,46.021125,2.696601,6.209491,4201.048528,52.865784,38.679644,7.470934,73.640028,522.217122,3502.035145,6762.322133,3472.106224,6.216737,5137.314571,0.502997,42.751728,3.938316,60.695691,832.750971,441.175091,32.380208,0.212248,5.398254,544.883312,7.176332,4911.584353,0.580042,69.053881,8020.465084,410.432547,4.525125,50.102017,47.865159,0.487828,5893.77421,6.668474,30.293307,3.696221,0.31842,6906.526717,3.314728,3.318785,2726.584524,0.678141,32.486034,0.632102,779.357196,0.23009,64.159696,232.411521,7964.381616,0.229693,0.562149,40.141334,6.026236,0.232409,44.21913,0.377353,7.621473,63.813461,4490.977427,39.534237,55.831562,4.093481,0.457451,6.471082,54.964564,0.391688,0.568565,46.047413,5.593429,4219.538089,578.533633,2.65941,0.651988,323.729921,532.464613,415.880934,0.61741,0.267563,329.061318,397.863941,3.549796,0.551538,55.323823,51.648004,351.056331,0.534118,4456.250018,0.440459,0.464836,0.220082
SYNTH_009,3870.200252,521.581154,394.744486,0.590056,518.004097,4223.685717,0.541434,46.835177,0.420769,4770.379418,6214.403644,0.375093,6322.496486,0.370455,0.6183,38.276218,5.086667,6.665167,4811.825304,54.839656,49.34064,4.61596,43.389445,582.651412,4676.2333,6368.686606,3719.834235,5.090625,5383.220667,0.351631,33.232736,5.428514,50.473015,587.240876,426.658396,43.509023,0.350772,4.578014,662.27969,6.180869,2936.118474,0.465598,54.870322,6159.057084,319.301797,5.480777,48.336639,43.603955,0.590021,6380.609778,6.59386,51.327173,4.580628,0.538569,6011.535325,5.707532,4.566781,2290.019198,0.854276,37.759205,0.507451,668.174821,0.445225,67.497364,474.934155,4811.462999,0.47362,0.610708,50.708118,3.122314,0.54751,31.176104,0.527322,6.394617,50.80598,5585.243677,38.23916,37.313391,5.135792,0.635437,5.728042,57.668653,0.359729,0.532118,52.096008,5.575804,3913.745348,492.117508,5.254728,0.647974,352.787768,419.094429,301.177178,0.43659,0.248196,394.232881,266.926542,3.517332,0.394705,31.123682,48.330404,447.134599,0.304345,4047.02372,0.275222,0.344696,0.336951
SYNTH_010,4342.591879,818.240805,530.850855,0.289391,574.384159,5112.533824,0.633072,54.934164,0.326213,3460.442469,3025.85777,0.467196,4628.752494,0.571959,0.784235,90.719602,5.577007,4.190129,5508.512461,26.290953,20.601565,7.566432,67.466194,414.637837,1802.01048,5414.77622,7711.605557,4.228044,2632.242688,0.313042,60.718776,2.111372,100.641316,418.140596,555.307739,13.262515,0.492736,4.094905,22.258368,6.617734,6512.617159,0.16978,53.826682,5845.457914,501.1675,4.128181,73.170961,69.707053,0.660013,8764.505639,2.348737,21.592347,5.68561,-0.038061,6880.399141,5.236141,7.697851,6517.774612,0.302371,44.718965,0.354676,796.51753,0.486507,73.472897,574.835118,1382.185391,0.42698,0.147639,74.776442,6.293667,0.21299,70.693082,0.279205,5.46156,42.303059,4137.37428,77.680265,23.87146,2.927052,0.437765,4.777891,58.617708,0.93992,0.797474,71.424467,8.831475,8936.040614,425.685926,3.204338,0.222256,797.68178,713.949017,906.061644,0.574251,0.390081,323.961246,737.292789,6.464728,0.261984,72.660348,64.203335,540.029554,0.89798,4635.015962,0.39283,0.881392,0.251917
SYNTH_011,3154.25572,394.98698,560.657767,0.388653,637.32989,3505.894907,0.300928,50.484776,0.445081,5898.563199,4596.805332,0.304459,4173.532383,0.49049,0.580348,13.490717,3.527186,5.674741,3917.16778,27.341319,81.867206,1.541117,47.056021,667.920272,5491.931348,6353.871157,3001.655047,5.368848,6404.471925,0.512272,33.981896,5.640301,49.377639,491.456998,391.950675,50.690695,0.429953,3.243315,702.463101,6.64376,3948.280075,0.517608,63.040825,7726.145019,374.915437,4.505848,33.908436,38.967387,0.46775,5444.852222,7.728725,26.983261,4.954075,0.701455,6277.062065,6.538727,5.157103,859.148266,0.880904,27.194384,0.389486,800.71581,0.65204,61.092035,485.285141,3850.713803,0.471009,0.714242,50.937998,3.150361,0.528966,21.273479,0.491622,6.941521,54.145057,3937.986511,32.532117,36.623427,4.132617,0.636658,6.231959,59.141463,0.436577,0.534029,40.664788,4.453696,2974.335075,582.656671,5.65789,0.656241,367.940739,288.451072,148.337669,0.257298,0.2016,309.207583,66.381333,1.300084,0.431329,2.303193,20.433858,181.382766,0.095603,2841.664833,0.298383,0.116192,0.42249
SYNTH_012,3946.830931,253.185736,551.314981,0.523397,512.124688,2451.292312,0.318238,60.573357,0.484813,6114.332433,5555.942176,0.441906,5631.221818,0.360417,0.373973,12.943705,3.391306,7.387612,5350.831442,42.259175,100.717046,0.549741,26.635681,581.830252,7468.012781,5691.077247,881.196345,5.196479,8576.110819,0.50023,48.64169,7.07884,27.671991,762.473123,366.147509,83.707082,0.441737,3.583385,1172.729695,6.620608,1948.7749,0.77657,62.672811,7864.730208,286.848783,5.740462,25.234778,37.843318,0.383225,2981.834801,9.757396,55.394262,4.374931,1.008548,6550.874015,6.752945,4.904376,176.932177,0.991514,20.849663,0.474873,548.288646,0.63631,65.938198,406.354085,4653.767355,0.520052,0.865844,35.563732,-0.03825,0.854413,14.166562,0.641004,6.996422,32.887179,3896.919388,25.447511,46.708672,5.954618,0.785193,7.257244,48.394886,0.121145,0.431265,33.143919,1.97628,1331.124125,737.843428,7.051594,1.089124,291.50431,291.566028,-225.492424,0.247204,0.083531,387.547818,-153.13614,-0.223647,0.629882,-11.127959,6.168446,152.664922,-0.282059,3625.758066,0.319073,-0.008205,0.368202
SYNTH_013,3882.907144,630.445496,466.34867,0.451735,416.642168,5703.010574,0.555477,45.089643,0.399927,3946.912532,5373.731634,0.566862,4222.660529,0.621201,0.620039,67.857523,5.947561,3.508677,6102.386462,33.503492,27.017252,6.173633,50.166291,434.918841,3721.187107,3765.384635,6567.726442,4.105183,4524.470673,0.541151,56.190168,3.443676,60.648355,311.978667,530.110372,34.48452,0.646104,5.556215,126.954931,4.45981,5702.591977,0.372357,47.266609,4545.016733,578.254993,4.479168,65.821676,59.564675,0.61204,6420.594164,1.462723,57.617644,6.164529,0.434248,4555.797195,5.501101,7.211591,7516.900579,0.166986,74.40964,0.359203,452.654849,0.475826,44.987992,603.630368,3569.391054,0.607064,0.273329,56.774741,6.643812,0.406426,56.796543,0.464356,2.666615,44.006586,6025.043036,67.432273,44.492323,4.742633,0.475071,5.02766,54.477652,0.799978,0.427697,57.982707,6.573872,6918.557442,487.971922,3.175111,0.280026,689.012358,561.553701,825.335721,0.54817,0.573154,417.156087,664.693744,7.113668,0.435102,83.98231,63.372757,598.706411,0.772313,6262.19803,0.541988,0.750214,0.458828
SYNTH_014,6152.443153,590.074202,461.109711,0.432066,678.670202,5686.771428,0.429445,52.914786,0.50308,8376.917526,3898.704289,0.338889,4664.804387,0.560901,0.706022,48.895663,4.139131,7.070986,4879.608074,60.643717,38.04608,7.431685,48.004469,588.430968,4197.22757,5904.351613,3103.840639,6.003408,4498.899362,0.370032,49.92725,4.873881,49.514129,820.318935,459.904438,44.685489,0.224682,5.553046,625.24761,5.137559,5283.139106,0.475103,69.91748,7217.021107,462.289922,4.130807,43.37806,44.104914,0.49441,4518.653231,6.872497,37.405511,3.195097,0.302121,7606.788635,2.449449,3.635868,5139.231715,0.536201,20.015987,0.673018,720.147926,0.189445,53.263756,358.915855,8356.964575,0.245721,0.483104,47.275079,6.680102,0.254333,58.265322,0.422464,6.259621,58.354773,6506.544005,40.407864,73.207315,4.152043,0.331938,6.209859,49.525111,0.293785,0.508987,49.082453,4.526918,5061.977152,439.871181,4.604485,0.47586,318.558591,566.556937,451.233594,0.623307,0.530351,508.517398,426.913805,5.672926,0.74072,62.170653,70.871929,479.917737,0.513261,4552.105515,0.569024,0.66428,0.274755
SYNTH_015,5300.348376,936.051909,382.018375,0.398928,777.786212,6408.913502,0.602697,47.96914,0.23275,4610.428855,3850.150654,0.285623,4812.526023,0.514541,0.948474,89.631871,4.623924,4.947255,5042.341918,48.315508,-6.641474,10.467216,76.093328,435.276901,138.457082,3968.850171,8218.891085,5.451701,574.827024,0.350472,51.191796,2.716064,92.002102,555.416051,491.804503,-1.691948,0.273272,5.190872,-108.995022,4.926841,7515.294463,0.253809,51.600793,5296.611535,658.158855,4.185062,73.220577,48.180465,0.72942,8924.158291,2.708152,23.468112,5.114286,-0.266543,6355.967372,2.437001,6.797579,7793.733251,0.305277,36.803837,0.488858,766.14827,0.381917,59.768686,429.912,3743.471158,0.381009,0.177548,58.709278,9.421785,0.111858,78.031517,0.359647,5.284947,58.427108,5262.163015,82.194524,50.921578,3.344821,0.263567,3.690921,60.747522,0.90456,0.762352,74.269831,9.091089,9204.062901,500.730164,0.807488,0.121252,699.694067,816.851982,1066.893529,0.771042,0.549907,420.261728,867.451194,8.34431,0.396064,104.517393,85.599969,668.095202,1.134438,4208.406755,0.40978,1.017034,0.273299
SYNTH_016,3445.187064,295.838486,641.379828,0.497712,318.781135,4053.081194,0.528266,52.580916,0.495532,3465.005233,6325.423926,0.607206,5460.197813,0.485871,0.076792,40.812623,6.200424,2.020236,5735.1459,31.480658,91.570627,0.43246,26.113705,547.502801,7729.307096,4453.037045,5375.892151,3.299667,8340.334584,0.543617,61.391388,5.892367,41.0918,268.565192,450.415129,76.366106,0.880038,2.343335,553.977815,5.132101,5561.535692,0.617898,38.944617,3900.073548,488.357584,5.067157,52.884212,49.573244,0.386781,4878.512295,5.465924,67.706672,6.955032,0.919891,3817.2021,9.566114,8.352569,2484.592751,0.725154,53.471317,0.373196,321.08267,0.964134,53.549003,670.466346,1363.272019,0.681951,0.671584,55.155769,1.29558,0.788383,19.819972,0.5111,2.545079,44.006806,4446.942858,56.195045,31.040131,6.024881,0.763662,4.62626,47.73584,0.436356,0.534095,46.650508,4.45334,4589.483902,617.664322,5.558139,0.790532,516.313187,435.76852,382.063197,0.122319,0.265208,486.568023,240.569393,2.254009,0.343266,-4.295796,0.159482,313.965681,-0.036713,2988.781715,0.346157,0.229803,0.556796
SYNTH_017,3278.24523,504.843222,699.780984,0.515746,575.474943,3994.43246,0.505184,55.048912,0.283369,2645.695056,5647.032762,0.381595,4638.477912,0.366749,0.403655,57.572825,5.696834,3.985985,5447.135205,20.698571,52.37942,3.307822,44.873641,468.122098,4213.478537,3938.345962,4451.986564,4.441205,5486.58037,0.540035,50.380364,2.459035,57.164067,389.528097,467.326567,38.607521,0.701152,3.410391,335.342682,6.966098,5138.648857,0.305341,41.206741,4881.320174,488.768288,4.660258,57.452219,58.682763,0.553003,5605.724501,3.627285,40.737771,6.990138,0.425365,5745.334822,8.031061,8.795422,4435.903697,0.514397,47.965383,0.27355,586.8932,0.802285,61.832538,523.91694,1404.663089,0.590412,0.465859,63.83453,3.172394,0.490683,30.74085,0.457072,4.262422,42.645679,4689.286255,60.448639,25.559436,3.707634,0.702435,4.27573,68.108293,0.743123,0.701275,61.214959,6.998933,6660.143542,537.108103,4.025638,0.542623,682.069961,539.291871,729.437261,0.419936,0.366815,459.893349,459.555536,3.740578,0.366191,33.198707,18.5621,378.965411,0.280571,4130.150119,0.357685,0.489896,0.486274
SYNTH_018,4049.467696,434.557038,538.882322,0.550482,521.847645,4826.320303,0.384132,36.399907,0.505057,4444.849499,4677.040146,0.448003,5785.588715,0.518924,0.411851,23.939671,6.342665,5.65323,4013.854685,52.016952,64.243545,2.781303,55.366411,512.964949,7011.972726,4067.065654,5602.754821,4.900262,6572.694472,0.468088,59.255923,5.788365,36.578313,556.895925,454.342213,72.084498,0.56175,4.008513,644.418487,4.424396,4826.858869,0.481324,51.37182,4498.231481,391.010429,4.458223,30.665243,40.000661,0.385304,3879.921998,5.442723,49.579518,4.502661,0.743654,5654.813329,5.843781,5.053656,3788.294264,0.59975,43.290459,0.465458,479.613532,0.4671,55.481862,562.775465,5428.456876,0.543284,0.555629,39.356451,3.975149,0.605517,39.673215,0.520531,4.936981,42.491303,4860.477851,38.62007,53.394471,5.346814,0.536924,5.587964,52.653857,0.369545,0.421432,40.962038,3.550031,4583.050799,576.37608,6.886539,0.669763,497.426767,403.002555,347.799661,0.379404,0.531923,531.601576,267.524034,4.586862,0.583255,25.500094,21.550001,447.798651,0.325691,5742.531085,0.585414,0.366267,0.571266
SYNTH_019,6323.941116,762.720985,323.627681,0.406523,757.142095,5340.093635,0.348865,65.647892,0.435402,9212.256816,4629.818303,0.316852,5715.283258,0.477452,1.034628,41.557597,1.56856,10.102352,3469.913887,57.143296,23.216539,8.365614,75.87443,562.180002,3023.210123,7875.855913,3178.535724,7.203633,2813.24043,0.252749,43.576189,6.136646,68.17594,988.362009,479.119094,18.462618,-0.028155,4.750205,701.914128,7.367423,4924.467998,0.597361,84.359666,8682.240586,414.524419,4.540069,45.08363,47.453449,0.546775,6375.727557,7.077622,26.65156,1.826114,0.190711,8269.545773,-0.072471,0.913735,2389.445326,0.712395,22.510518,0.678787,948.068825,-0.137691,70.22713,72.536934,8512.929431,0.030183,0.571862,38.502993,8.835914,0.194782,65.479173,0.448856,9.116302,68.923134,3995.36961,25.911145,75.99017,3.983074,0.260178,5.928322,74.646683,0.3417,0.596787,37.729361,4.993915,4544.9381,422.844361,3.111619,0.644583,243.820517,497.823747,358.557739,0.698657,0.399548,326.714814,278.247703,4.126111,0.734935,76.802222,60.667831,454.621854,0.761979,3957.458335,0.424305,0.668787,-0.062064
SYNTH_020,5745.312242,659.04715,465.984463,0.497962,584.082811,5727.886877,0.503314,46.330059,0.533289,6863.822569,4506.135489,0.355375,5587.157262,0.534943,0.871265,57.872229,3.843161,7.333976,4398.990601,61.598872,26.790342,7.683463,54.243789,490.956247,3543.30336,5423.246024,5442.263832,4.424224,4502.78867,0.433805,44.624582,4.313527,55.987812,746.938303,512.081555,35.957794,0.260209,4.802027,453.36394,6.058943,4079.697669,0.470997,60.719759,6795.121524,473.038356,4.677007,45.779045,39.290556,0.541921,6025.728254,5.374003,38.238814,3.329466,0.141374,6280.337755,3.061089,3.393793,4754.772856,0.590067,33.72441,0.573076,683.023643,0.261119,42.697119,421.59454,5333.341073,0.4074,0.458034,41.389461,7.173523,0.289821,55.623331,0.279616,7.354422,51.157004,4918.420841,48.945689,63.92442,5.657533,0.473997,6.154129,44.672612,0.51812,0.505694,47.747772,5.659084,5760.503307,458.537604,3.111738,0.44693,388.941991,526.926677,494.119755,0.579804,0.572465,427.699744,559.539744,6.615636,0.744638,71.117394,73.70603,520.554483,0.764207,5931.795013,0.520078,0.761231,0.222729
SYNTH_021,5084.708329,446.159119,513.743541,0.519242,525.136114,5025.754932,0.388315,49.811178,0.452568,7066.086688,4543.631022,0.346546,5337.691338,0.440266,0.710076,33.730952,3.377082,6.824153,3533.454179,66.300767,64.943142,5.606002,55.019584,617.447619,4722.760912,5931.617618,1961.369428,4.618418,5475.038855,0.573313,41.094418,7.139597,41.033037,681.792191,450.152698,59.153758,0.24534,5.583652,810.364741,5.544304,3931.833278,0.662411,77.680066,6473.379149,361.954436,5.727776,34.728849,48.683936,0.529456,3796.9216,6.898371,61.983481,4.239562,0.509665,5207.588169,3.878601,4.696452,1368.707475,0.593121,35.384845,0.566427,613.840383,0.381551,55.79696,452.792988,6319.211935,0.418094,0.628437,51.47318,5.072377,0.454189,41.786053,0.525921,6.470115,42.424897,4694.946148,30.53574,56.889231,4.548495,0.576196,5.862526,47.956995,0.373467,0.494884,46.465899,4.411674,4571.168962,455.498735,5.858005,0.699302,316.100704,381.51629,448.535682,0.506435,0.324609,382.461495,267.990028,3.394858,0.589328,37.492814,40.57125,389.929322,0.319909,4238.215079,0.501931,0.333791,0.303899
SYNTH_022,4435.90625,659.354687,687.888801,0.41871,464.719209,6042.82116,0.626018,38.524555,0.606412,2656.660155,5579.032777,0.635392,4462.891807,0.635905,0.557366,89.238937,7.780126,1.971711,6733.965115,53.212454,11.993648,7.513304,55.818431,359.07941,4336.922427,3164.555458,8606.263256,4.112078,3568.384023,0.562807,67.922872,2.3932,69.653347,188.371758,610.181992,30.9176,0.663723,5.875777,-33.334912,3.355602,6496.252837,0.251848,25.860049,3162.312811,807.213134,5.354642,75.010331,51.431162,0.576618,6924.090357,0.486143,65.215992,6.630789,0.194264,3644.953529,5.701857,6.893421,8595.331542,0.065135,59.906222,0.356752,370.923903,0.755978,25.474279,800.83212,1689.862042,0.663042,0.110579,57.245005,5.451295,0.364975,61.156422,0.467756,1.910122,55.319829,5165.194726,78.667763,53.044819,3.724867,0.480863,2.514818,42.631957,0.800801,0.543639,67.462267,6.134617,8230.131685,468.350921,3.414723,0.159342,730.458354,606.723677,1011.30295,0.621618,0.860913,607.265317,919.491262,10.001262,0.336621,91.727676,66.522391,868.100494,0.976016,6170.282846,0.672646,0.706329,0.68695
SYNTH_023,6492.362034,170.534085,529.828534,0.683672,181.239916,4575.695618,0.706134,45.526599,0.766296,3490.353352,6610.645011,0.818059,4073.295674,0.64076,0.104007,78.225532,10.583671,2.06623,6272.15626,61.94812,63.382786,3.208074,39.919084,308.134479,8233.775122,2212.232538,7344.882916,4.483233,5356.027928,0.696886,51.196657,5.388581,9.021055,266.918572,732.310712,72.422911,0.865958,8.257328,367.887746,1.440983,5854.099005,0.635274,7.979905,2215.559361,789.834803,5.489072,57.613847,45.484102,0.496332,3576.747483,2.326884,88.732686,6.685936,0.836887,379.37386,6.187522,4.911645,8895.353252,0.151345,103.048687,0.46315,-107.626903,0.584201,27.54322,844.947725,5177.823954,0.764326,0.300254,47.261592,5.165785,0.779994,69.268325,0.676373,1.330916,56.650183,5965.993883,58.934864,67.537603,6.18465,0.424586,3.091864,48.114697,0.501381,0.268098,52.524351,2.386946,4840.935075,438.285614,7.34477,0.284397,702.629808,639.455069,695.397999,0.682769,0.997993,907.659031,892.001829,8.187646,0.672393,78.035537,70.50748,769.777518,0.637927,8181.924238,0.963153,0.613116,1.023952
SYNTH_024,5958.240061,432.66784,541.923802,0.509425,506.861162,4988.124326,0.564856,45.107954,0.544339,5169.753482,5604.959971,0.552019,5022.160923,0.530056,0.457293,60.028424,5.573235,4.512582,5805.216177,58.705977,50.677283,5.012784,39.14871,410.793956,5177.145267,5218.362314,5612.808131,5.142123,4693.842226,0.554483,49.936843,4.36837,44.750484,488.160675,529.072463,63.538835,0.604216,5.613608,456.132244,4.545066,5917.496301,0.569402,39.449018,4002.511415,576.304653,5.406924,54.48542,50.153029,0.599281,4579.297872,5.425125,58.373452,4.895611,0.585231,4432.359233,4.672566,3.983106,5565.817259,0.29395,50.94106,0.601164,360.619035,0.56425,43.078841,592.55498,5994.148847,0.68846,0.489565,47.738089,6.015903,0.621904,56.664629,0.565211,3.268922,46.740772,5219.541122,54.105021,58.470767,5.139507,0.454978,4.950184,30.217832,0.395198,0.401262,47.41578,3.569708,4015.80181,424.45807,5.049651,0.408803,632.886858,480.256031,580.410861,0.565415,0.717049,564.000235,582.097109,5.121608,0.559676,59.713368,61.344122,605.52138,0.588059,6065.773867,0.535678,0.508324,0.527622
SYNTH_025,5554.007509,423.958442,414.187816,0.441935,734.046636,4839.166421,0.142667,59.691599,0.484294,10453.117687,3814.205166,0.167068,6287.877181,0.350239,0.690031,0.792378,-0.815059,10.74167,3436.309095,56.298463,72.017127,4.343165,54.95367,719.637761,6129.631066,8304.444226,-1513.088417,5.826448,6576.641205,0.403501,19.021726,8.987168,30.071665,1060.649236,362.343413,65.510024,-0.110088,2.726491,1430.99651,8.991259,2383.418303,0.791834,89.736932,9913.609312,110.220776,4.544077,5.825637,34.61174,0.332167,2064.870486,13.089609,26.235912,1.130149,0.802936,8463.383988,2.356532,-1.167588,-1939.462318,1.258987,-6.696994,0.77529,939.801269,0.053358,78.637596,-8.855269,9965.05374,0.096117,1.009284,20.401534,3.447297,0.33182,30.985359,0.588816,10.151598,65.946382,4538.359722,5.674874,71.363241,4.31669,0.441852,8.06992,41.155727,-0.06279,0.331943,28.356871,1.747558,481.849012,514.674937,5.69368,1.039024,-2.39296,277.225619,-174.192456,0.398893,0.263628,365.025471,-190.128587,1.293516,0.687068,12.819517,33.599751,-82.598223,-0.104273,4348.79699,0.361318,0.064191,0.09813
SYNTH_026,5564.943274,433.826316,633.95784,0.630851,406.282194,3581.03313,0.459839,42.849503,0.448577,4038.814972,5544.597794,0.468104,4945.617603,0.530945,0.33842,32.784059,4.993528,3.659239,5006.896284,45.997168,72.638131,1.94456,33.958338,469.398899,7637.89286,3327.103902,4282.632727,4.580081,7534.894731,0.50109,46.628203,5.247082,21.614288,430.815674,449.875637,70.48639,0.647211,3.675698,744.208206,4.759253,4099.840831,0.66456,36.440655,4094.571759,499.851776,4.63291,46.769663,52.057431,0.338627,2836.642663,6.464754,61.663451,6.615568,0.816599,3464.919463,6.212601,5.595467,4615.148616,0.604318,58.326036,0.546452,238.004979,0.642717,59.222599,547.784125,4613.777125,0.520136,0.674418,43.71001,2.761968,0.798319,33.715103,0.563355,3.977334,43.550242,4504.63544,44.121371,63.368917,5.050324,0.69318,5.573435,56.552722,0.409714,0.498336,44.047759,4.060456,2665.67051,495.39681,6.588564,0.699424,454.050322,421.727239,374.950086,0.303376,0.550026,664.986259,459.736475,4.048135,0.496294,24.171368,29.954067,384.593719,0.225884,4418.530213,0.560427,0.21813,0.77945
SYNTH_027,5264.825322,384.450012,413.30241,0.619602,361.166291,5549.020556,0.541042,49.724112,0.728241,5781.860717,5944.640748,0.637981,4452.930282,0.573188,0.338575,47.974632,5.381932,5.099369,5082.376009,67.653596,48.161187,5.206318,42.235507,358.514088,6262.237927,3849.423064,4915.812793,4.722567,4704.817443,0.678347,59.260258,6.147135,40.356097,493.092907,542.219208,62.721434,0.566023,7.249464,554.983408,3.318795,5241.971772,0.582102,56.471906,4282.095439,554.079463,5.790116,49.321057,47.95202,0.51303,4130.548013,5.552992,56.086766,4.946471,0.686123,2439.001789,4.005385,2.663455,6980.335491,0.451635,64.954932,0.493184,194.643355,0.330915,34.112124,476.713174,6661.447469,0.436057,0.561807,42.93347,6.438194,0.534074,51.395884,0.580327,3.965081,56.294737,4852.784559,43.773059,65.003395,4.923415,0.422943,5.576968,32.631641,0.467653,0.395194,58.434409,3.416829,4806.64067,380.906899,5.177022,0.476156,560.495856,487.73675,408.39941,0.586299,0.76792,619.132145,591.086726,6.285377,0.69675,60.895087,67.057554,677.964538,0.664716,5586.660372,0.519889,0.472296,0.633779
SYNTH_028,6651.930157,509.473146,558.881052,0.578672,346.573925,5485.522941,0.718197,46.57161,0.610359,4906.068879,5983.461924,0.657125,4578.580995,0.626409,0.62827,81.129339,7.090439,3.024178,6276.743454,62.774834,16.839437,7.836826,59.306254,293.733123,4971.953687,2891.982829,8256.283234,5.395661,4014.473247,0.494251,61.921101,3.064619,51.148564,304.239563,665.943502,33.762357,0.669882,8.069218,144.759592,3.186252,6619.924055,0.373458,37.987008,2931.633667,698.148234,4.782912,67.551357,37.829152,0.570228,6078.196464,1.493315,56.683626,6.494455,0.289986,3801.948781,4.163954,5.943382,9302.246282,0.05109,74.053345,0.518544,355.39838,0.390426,30.185088,649.55578,6464.495291,0.548215,0.223677,50.075918,9.338753,0.469675,76.489897,0.461785,2.311532,44.267379,5070.462706,67.013932,62.002951,5.749616,0.418847,3.458606,39.857903,0.708657,0.362547,59.575922,6.632402,7111.861868,419.204071,4.248964,0.154102,645.318482,607.407218,923.049633,0.696561,0.932455,756.533453,986.355148,9.190398,0.496376,100.948533,88.587522,696.675122,1.040368,7563.367444,0.633957,0.760721,0.73873
SYNTH_029,6799.257181,213.717431,349.549753,0.610932,276.681185,7178.864977,0.36485,45.684909,0.803572,7637.97789,5849.314698,0.693922,3906.319823,0.626358,0.460543,38.367915,4.969827,6.437406,4408.522943,94.610776,52.22312,6.031754,36.326946,349.410911,9311.613059,3406.747029,3901.104481,5.690436,5692.375319,0.636394,44.833604,8.021496,8.780847,614.604713,683.023849,77.914698,0.52963,9.087882,749.944264,2.736032,5728.563432,0.861352,51.852803,2510.440426,676.585818,5.804673,36.483183,14.231239,0.267214,-600.254711,5.810733,73.292137,3.98762,0.813705,1776.994914,3.066441,0.679676,6564.605975,0.373954,72.844998,0.714421,-150.102664,0.148423,7.949124,595.333093,9690.227428,0.490758,0.617973,26.260388,6.075284,0.741874,69.1113,0.593925,4.546102,59.934132,4858.378004,20.883088,88.671299,6.785948,0.318404,4.509083,17.199502,0.005544,0.058961,42.186084,-0.828511,2714.940096,394.577798,8.019776,0.332962,404.575992,519.646406,318.083092,0.715254,1.046883,902.628276,686.870013,7.099621,0.917716,76.415478,81.883591,747.791403,0.754668,8013.959285,0.853575,0.478429,0.810006
SYNTH_030,6178.536321,694.863718,531.931761,0.392629,679.120358,6002.660275,0.467508,42.242213,0.325927,7249.959845,4246.148179,0.229244,6658.099964,0.468901,0.986779,59.96666,2.829779,7.77718,4715.485067,64.23846,19.245815,8.517339,77.423106,547.388984,2077.884543,6233.517069,5196.505181,6.381957,3373.666244,0.326027,44.806433,4.791836,73.407469,687.789819,427.532016,25.550023,0.199957,5.615379,505.236804,6.327812,5344.787138,0.383925,70.369334,7044.94414,422.566087,5.31598,50.153867,46.38968,0.534786,6256.622666,4.732036,23.179711,2.258151,0.071753,6520.635273,1.143757,2.938714,3954.295758,0.53408,31.141302,0.525239,818.037033,0.15486,67.483734,246.496673,6624.659318,0.302528,0.538939,40.871236,7.287878,0.071572,56.018972,0.46293,8.104027,65.532922,3206.07987,25.026639,47.511551,4.647914,0.40595,6.27711,56.221427,0.488478,0.601283,51.796915,5.775901,5043.745057,406.724735,2.939635,0.427823,273.032791,536.205675,467.397689,0.604296,0.289208,299.578768,501.777362,4.659604,0.641014,76.278336,72.02729,475.064148,0.780326,4817.173036,0.370263,0.695995,0.125393
SYNTH_031,4066.593355,299.876471,585.462802,0.605755,505.096665,3889.142026,0.41897,57.034986,0.456499,5097.825185,5913.013916,0.355844,5141.155286,0.562479,0.453825,28.0545,3.824402,5.407232,4936.369687,53.607429,73.235523,2.48579,42.915361,605.37458,7294.113379,5459.06198,2699.490487,5.079134,6179.598939,0.490858,50.905804,6.116861,37.801365,633.929171,485.77712,64.770859,0.473211,3.392678,835.074323,5.330686,3430.369019,0.601774,45.807508,6189.712869,410.367413,5.761253,41.959809,44.91124,0.46243,4172.959886,6.987713,63.5591,3.343995,0.696929,4927.120956,6.488831,4.050035,2619.036253,0.729828,36.910014,0.4178,618.423569,0.621449,54.884841,536.639739,4399.781543,0.413021,0.691689,45.916202,2.633049,0.5868,27.745242,0.605271,5.344548,41.971131,4302.345693,35.803081,42.594588,5.611751,0.634228,4.708008,37.608831,0.355938,0.500832,38.286425,3.393738,2159.432297,722.487934,5.638111,0.808363,453.787508,272.532343,184.865521,0.268942,0.22827,554.812402,177.833999,1.770486,0.559208,31.671436,23.728722,308.673694,0.1292,5488.766879,0.33253,0.296036,0.485508
SYNTH_032,2417.198058,324.874057,706.538285,0.432013,243.772605,5680.241373,0.584967,52.940527,0.408768,768.917643,6226.201264,0.682592,4497.455908,0.459523,0.072463,54.465754,7.714188,0.862504,5678.268902,31.96508,85.386626,-0.128707,29.474506,532.919537,6643.383562,3744.383592,5684.35054,3.743612,6264.913806,0.726949,59.39854,3.820121,42.568026,41.314591,326.546411,59.491037,1.034478,2.946383,310.641613,4.56958,5658.893449,0.429621,19.176945,2615.029077,602.809609,6.031474,59.999049,58.772133,0.475218,5546.495869,3.880051,60.205924,8.286251,0.789093,3242.091723,9.966401,8.630922,5096.777202,0.529687,69.914263,0.221893,312.928521,1.043143,48.015753,895.804105,596.540724,0.901357,0.525278,52.395259,2.524045,0.883386,19.305331,0.57157,1.154067,32.27213,5266.384292,70.478619,21.386069,5.943811,0.696145,4.208362,47.177473,0.721218,0.554199,68.282955,5.776151,5676.265702,678.012985,5.682872,0.55477,778.032008,475.884105,564.40552,0.262205,0.401338,632.179309,402.65936,4.092753,0.201339,25.303318,9.805499,618.92545,0.184582,3989.239182,0.466211,0.332268,0.815022
SYNTH_033,5600.393622,592.531641,391.330746,0.541572,609.842719,5724.171685,0.47396,45.353551,0.607348,6662.155212,5107.135939,0.472713,5237.179995,0.52219,0.720063,53.048782,4.422797,6.501859,5275.701947,65.470077,39.204216,6.62601,44.349747,468.69043,2908.299148,5108.604424,5904.924576,4.562746,3723.253074,0.464543,53.406773,5.7502,58.607198,700.4183,544.221967,40.159282,0.32397,6.825949,476.458552,5.790272,5350.506025,0.530309,69.54038,4745.489888,523.26061,5.126925,42.229159,43.343146,0.509286,4714.327111,4.961308,53.312119,4.224678,0.389335,5900.695681,3.205794,2.986254,4678.562461,0.412558,47.656484,0.539628,539.245982,0.299987,51.393862,382.362549,7245.060739,0.256301,0.429687,46.802429,7.162077,0.46746,63.3024,0.447044,6.04929,55.395655,4893.293406,40.957829,67.499458,4.744131,0.332449,4.726137,42.870544,0.422457,0.58666,45.708463,5.180947,5130.460134,424.797974,6.025127,0.463568,448.668337,463.386342,564.589789,0.596762,0.542566,506.733127,525.239474,5.83211,0.64839,67.447306,67.994538,529.342896,0.790628,5169.930599,0.509341,0.517852,0.385146
SYNTH_034,3921.48815,475.476501,558.245223,0.52007,454.695788,4200.289794,0.495677,56.439648,0.42984,4280.581499,5345.287478,0.484091,5927.315498,0.587181,0.421854,39.283021,5.478261,4.48995,4671.85284,38.358596,74.438651,2.1623,35.963212,545.627306,4898.46469,6158.23895,4011.547409,4.751142,6252.486706,0.480087,49.954554,5.844588,41.880916,379.946017,416.676865,61.244401,0.538738,4.183914,640.760141,4.758667,4298.496668,0.590471,54.940302,5624.498219,550.165063,5.137742,44.695164,41.322177,0.322846,4401.610589,6.893228,44.481109,4.070826,0.624887,5450.575797,8.039129,5.831778,3376.226143,0.695033,50.140582,0.458928,583.511627,0.773966,49.039371,535.853565,3980.729116,0.555304,0.686693,55.580877,3.419084,0.638408,30.172866,0.469648,4.474011,44.700151,4702.402965,54.565694,32.165869,4.452133,0.558187,5.02711,55.622839,0.390119,0.569459,53.355516,5.291706,3602.753185,627.575645,5.276843,0.755785,597.679788,413.070465,397.242847,0.348288,0.353292,434.428519,435.272883,3.090483,0.416992,24.664929,18.866073,397.917685,0.29512,5889.189665,0.30736,0.407955,0.394105
SYNTH_035,8353.636995,992.552176,270.934228,0.258959,846.218091,6950.405963,0.550853,48.770549,0.392515,7340.591596,2620.063355,0.37398,4291.592643,0.652006,1.272201,98.914003,3.048717,8.146375,4040.722689,65.995523,-46.799874,14.031435,92.736995,327.918404,-587.7297,4917.313608,7915.103309,5.612831,-979.595078,0.264197,47.492542,2.190268,106.458648,738.724929,746.783834,-15.621909,0.003394,7.208365,-150.852099,4.60524,7991.897545,0.12098,71.052006,6444.649199,715.977769,3.530479,87.506949,51.522701,0.608803,8819.732458,1.014907,23.349587,2.948224,-0.514826,7726.4774,-2.490012,2.873559,8609.029846,-0.03519,39.399457,0.721888,848.159336,-0.020619,48.203109,226.912453,7992.93449,0.0611,0.107451,53.552282,13.692053,-0.274057,110.901937,0.362484,8.005542,75.478716,5236.480349,65.46509,71.489279,2.718936,0.05238,5.261772,71.880978,0.866754,0.632248,64.200526,9.665403,9205.265808,334.321364,0.558662,0.049914,558.953224,919.854829,1202.385227,0.967727,0.584171,336.139713,1110.552311,11.575651,0.679642,143.903882,130.391996,778.318116,1.515506,5201.816286,0.678993,1.287238,0.133025
SYNTH_036,3414.046031,562.124372,502.526329,0.431458,550.518971,4499.565619,0.372007,44.524504,0.415049,4609.765064,5882.248807,0.481709,5524.758815,0.489513,0.506439,42.649938,3.484085,4.849343,5286.476149,38.058152,44.731662,3.26401,59.543132,566.362811,4566.360089,5927.912036,3847.062253,5.12429,4642.033147,0.402951,39.251348,3.837297,61.919982,647.293802,407.246442,61.157933,0.447023,4.353017,605.821279,5.547791,5531.511695,0.393603,56.72252,5985.954307,486.32212,5.252797,51.625881,49.512132,0.498894,6033.919616,6.566209,37.363445,4.928767,0.645619,6540.284071,6.198397,5.558049,2388.167539,0.492207,33.839087,0.437894,584.583865,0.634304,65.816096,461.258439,3463.111102,0.545842,0.487012,50.712517,2.626103,0.583386,29.453877,0.447128,5.081778,43.29209,4468.47023,48.27337,19.203821,5.415906,0.661302,5.567235,58.479907,0.547211,0.535146,57.909996,6.051395,3876.74422,581.097499,5.946599,0.646806,396.833745,486.549067,530.12932,0.309229,0.306209,396.369252,299.89546,2.913962,0.413058,27.893336,18.584906,279.554539,0.201533,3680.409204,0.305894,0.423443,0.260086
SYNTH_037,5234.649299,690.64962,556.403855,0.474505,863.886811,5051.857712,0.39814,64.074016,0.271884,5273.101184,3133.15034,0.414846,5129.49399,0.37914,0.77733,48.164948,3.527164,6.273415,4308.693255,43.271027,45.308094,6.089376,59.94335,640.428542,3229.25793,6828.904394,4382.41153,5.098434,3751.412594,0.299451,41.340076,4.148524,73.287291,568.82159,381.856102,37.937991,0.187901,3.594404,500.193134,6.972299,4127.095448,0.456098,71.584274,6619.739099,366.739699,5.050369,41.182399,49.710321,0.517062,7617.521587,5.531196,31.218396,4.718844,0.349218,7819.936833,4.462634,5.038295,2199.857979,0.666054,17.336336,0.472376,944.568372,0.445183,58.659772,356.607032,4687.712163,0.317422,0.536955,49.17303,4.540822,0.347099,31.56459,0.395814,7.559344,53.199261,3474.59363,44.756717,39.001956,4.301542,0.56116,6.019706,66.959653,0.486226,0.645883,51.216084,6.7078,4151.433215,610.857602,2.860737,0.540992,494.214186,486.856659,472.110421,0.511735,0.24162,325.006872,242.135628,2.505214,0.483915,42.336518,33.903577,428.515022,0.392377,3580.688555,0.429659,0.508437,0.160858
SYNTH_038,4723.758707,635.600122,383.036495,0.444238,644.955968,5189.021745,0.412755,59.390611,0.415744,6332.994597,3754.869344,0.330904,4377.962675,0.417952,0.675664,54.692363,3.952837,5.420533,4787.444267,42.857955,41.841105,6.780192,58.970426,487.75864,3022.121725,5393.576132,4716.470437,5.345149,4343.19544,0.459349,46.327244,5.125235,67.274856,589.794083,534.471747,39.870386,0.263179,3.883994,512.33126,6.307662,4472.763538,0.512443,72.939942,7652.472431,356.424392,5.365879,57.220761,46.119657,0.530628,6066.431279,6.161151,36.103088,2.869063,0.247363,6461.753067,3.481761,5.008505,4466.222945,0.556515,35.579259,0.518614,839.797845,0.330181,58.486422,389.421472,4651.818908,0.361446,0.534466,47.26906,5.071653,0.308488,40.486621,0.530712,7.050253,35.201893,4464.658543,48.214945,39.839976,3.683411,0.526555,5.662122,59.076959,0.548841,0.647886,50.881419,5.600259,5061.355959,464.00037,3.592884,0.556513,477.941747,496.259073,470.335456,0.511841,0.28629,342.896117,437.73531,4.257367,0.555503,50.16814,41.947217,412.96622,0.462459,4676.809085,0.360276,0.56168,0.259823
SYNTH_039,4980.059144,492.660493,596.346206,0.43585,566.966706,4304.274304,0.570044,39.263841,0.477118,5602.957882,4866.487489,0.423773,4202.516445,0.575501,0.459628,36.832177,4.94103,4.685331,6001.069128,39.716068,61.313043,3.772197,45.710736,574.947031,5347.097194,4870.241236,5718.008373,4.862244,5288.952736,0.369148,60.842805,4.424399,50.060975,468.182948,514.812461,59.601146,0.561895,4.832547,532.805306,5.031521,5052.443906,0.565503,44.301509,4388.30553,415.558367,4.639338,44.034107,40.521701,0.451853,4954.160521,6.101722,50.672397,5.037667,0.584893,5781.779521,4.596021,4.467594,4593.003416,0.543964,51.868732,0.438171,483.945364,0.494477,54.496085,508.418981,6128.173058,0.423806,0.522406,49.484288,3.93122,0.515504,54.567482,0.612445,4.689454,53.152531,4222.820388,41.464529,53.678986,5.021452,0.560462,5.65166,51.803013,0.467535,0.493267,49.154466,4.133627,4526.446754,491.360387,4.756286,0.65158,457.84354,431.399534,394.55856,0.547422,0.462907,417.135941,405.205192,3.604857,0.462654,45.940888,49.362641,410.083395,0.441888,5097.88622,0.527631,0.300429,0.42209
SYNTH_040,2625.761493,555.393374,719.798972,0.687837,417.324796,2781.499045,0.454099,47.011719,0.300582,958.722963,6491.95055,0.491189,3494.845393,0.419617,0.208732,57.739955,7.159801,0.588078,5162.808284,22.030444,78.427309,1.017511,42.909478,536.233733,5358.872655,4507.628045,6759.220783,2.377735,5950.406087,0.600735,68.808288,2.460815,54.175728,-33.106867,479.294984,57.015106,0.872121,3.037086,123.367522,3.660339,5473.018931,0.53464,22.531122,3229.609438,660.398508,4.964711,64.185137,72.630381,0.566611,6912.95513,2.917421,69.331218,7.459213,0.575127,4049.18021,8.431819,8.720776,6468.909551,0.44567,55.456584,0.241137,363.980997,1.071018,54.465005,792.452205,138.982705,0.879461,0.373903,60.666055,2.804703,0.762444,42.745313,0.555984,1.906077,36.544823,5839.397006,78.257614,24.707789,6.182679,0.633547,5.279492,56.677711,0.784228,0.531754,68.32814,7.141019,7654.786097,653.108424,5.465744,0.400105,820.167545,504.64262,751.61599,0.307711,0.470095,492.869344,574.258863,5.627691,0.155856,22.162583,24.240526,502.836933,0.158572,3236.621685,0.508455,0.505418,0.678895
SYNTH_041,2664.872325,218.244207,737.293234,0.708023,265.311732,3258.568667,0.612499,42.059496,0.457559,-497.390246,6638.029867,0.629175,4914.80702,0.390817,0.015684,54.629159,9.069176,0.408407,6991.177531,33.483824,89.607523,-1.902663,20.497778,497.719653,8318.409136,3120.32142,6601.73902,3.006444,9345.896563,0.674253,57.322628,4.126686,39.002234,-72.150259,501.560562,87.526686,1.069134,4.165757,463.155581,4.73907,4043.221968,0.526457,14.556717,2726.690959,613.974459,6.106388,51.974951,56.568503,0.447203,5244.308675,3.767478,85.057083,9.207745,0.999654,2897.135847,11.1928,8.562416,5415.870392,0.549138,72.418941,0.2179,105.362262,1.253002,52.754812,1003.887094,272.072784,0.880377,0.386696,57.481432,1.378231,0.943677,22.352195,0.767775,1.22678,29.002195,5561.389521,66.14393,18.336105,5.475388,0.728729,2.09826,36.141192,0.681284,0.502458,64.671793,3.830356,5678.472218,657.830992,6.43776,0.510865,712.769081,416.782328,392.905716,0.16595,0.486336,608.58014,491.123184,3.71982,0.1767,12.900691,12.221027,511.161544,0.016404,4517.542916,0.66582,0.259831,0.930671
SYNTH_042,4609.126345,708.971526,442.454815,0.466692,679.751191,5762.555554,0.477788,56.715625,0.421374,6511.963156,3341.901644,0.42431,5199.865429,0.467185,0.79125,52.406604,2.201833,7.422913,4075.020441,67.923271,34.182015,8.245199,66.136191,604.651648,3526.410266,6212.915166,4128.527053,6.80588,3964.223413,0.408103,43.825273,3.662472,77.286974,717.171254,578.69205,19.076928,0.302132,5.484781,387.334788,6.859039,5518.583449,0.501684,67.456992,7211.831598,434.646056,4.764114,49.22241,54.977953,0.590462,6153.576129,4.951053,25.441951,4.160305,0.157546,7379.914734,3.341406,4.087024,3805.086235,0.485953,33.639134,0.629413,714.359285,0.256903,62.265447,367.226796,5375.541529,0.230094,0.516597,53.213531,7.324657,0.208788,62.868687,0.431256,8.149579,49.858712,5078.117615,52.37841,44.53641,4.368914,0.405729,5.736929,53.986848,0.538157,0.563276,56.567428,6.917536,6145.882965,460.395718,2.851933,0.45005,475.400202,505.294757,511.534613,0.58406,0.249242,348.048849,502.324667,3.895688,0.434175,64.632299,50.677429,369.769499,0.659519,3784.892584,0.298519,0.632559,0.146853
SYNTH_043,6262.406847,535.695186,234.922884,0.524343,622.338289,5379.687783,0.30871,65.907304,0.704836,10066.64665,3056.242163,0.346248,5233.110024,0.496595,0.719554,22.018729,2.343685,8.098111,5644.077822,63.044476,49.708814,7.61512,51.121303,610.708702,4440.471684,6574.968263,1768.760568,5.766008,5705.620619,0.303321,35.729566,7.426051,42.780301,865.75706,422.674347,47.152202,0.160954,6.626926,933.510762,5.88638,3443.795652,0.578655,72.410164,7264.569482,396.073051,5.057122,34.059082,37.486053,0.473577,4130.706211,8.625424,37.528373,2.358361,0.519044,6037.499988,2.302808,1.548499,1489.661428,0.786964,9.770925,0.751117,849.239279,0.155442,66.199565,280.702634,9634.794082,0.222576,0.845888,52.31,6.762265,0.3492,52.352698,0.704215,7.758734,71.955508,4536.673819,15.700875,66.858448,4.464699,0.345195,6.616512,55.090675,0.296109,0.341179,37.116116,2.969927,2343.695316,501.002901,5.534789,0.730885,207.501709,468.340849,196.70271,0.574579,0.347498,383.443601,324.773541,2.851009,0.755248,40.091206,59.06113,309.647139,0.469328,4131.072804,0.421807,0.413421,0.157565
SYNTH_044,2973.528324,459.120652,629.633668,0.465781,546.075869,4277.065551,0.413047,46.127985,0.423079,2762.275098,4789.230627,0.362436,5258.003836,0.502521,0.416407,52.011991,5.651998,3.284503,5429.899686,36.837148,69.689908,1.401947,37.099231,643.549547,3834.731283,4929.703688,5330.598628,4.522828,5990.168055,0.485626,54.589408,3.659985,69.612524,362.520223,379.276498,57.902344,0.690865,1.059124,500.538369,6.334614,3689.336189,0.45398,46.697971,5531.970862,462.597838,5.168968,56.25978,64.245394,0.563097,6610.774293,6.792382,42.198511,6.096869,0.575019,6566.672077,8.640531,7.917096,2653.715596,0.726475,34.17287,0.290214,674.882118,0.78999,66.297406,506.117761,2414.97646,0.466618,0.582927,57.572282,0.708285,0.707031,29.694387,0.443819,5.737062,33.6605,5208.529173,51.903901,27.141786,4.2074,0.744587,5.693012,56.150482,0.591231,0.703279,45.449041,6.255443,5289.28421,660.732431,3.790787,0.709505,592.424158,342.094591,326.99804,0.18708,0.108855,381.398032,175.142581,2.281615,0.144038,9.387609,5.222822,330.26158,0.028282,2399.493897,0.278894,0.369236,0.383338
SYNTH_045,2248.974459,560.023963,726.072854,0.393269,876.06915,3529.590533,0.340532,57.047979,0.311733,4871.457395,4438.252265,0.232318,5517.243674,0.30962,0.490951,28.050692,3.024492,4.480013,4357.916763,37.128486,69.629141,2.367795,44.869603,729.93083,4472.229522,7086.002751,3191.088298,4.427064,6514.613112,0.367512,35.013645,3.40205,66.668946,408.52461,238.859122,51.436226,0.444032,0.887511,713.508371,8.550125,3466.061001,0.500602,69.698177,7740.997374,321.310659,4.243226,38.845495,64.710523,0.467057,7193.282267,6.216263,21.399718,4.979613,0.602992,8188.496522,7.349644,5.890887,992.088264,0.878945,12.127277,0.277426,1003.884882,0.891799,87.620363,411.899404,2521.712703,0.384866,0.597958,61.770232,1.65439,0.449904,19.463923,0.331558,5.600752,34.186912,3702.059244,43.517549,8.5363,4.14402,0.834084,6.276045,63.133299,0.553096,0.664994,42.115133,7.036385,4240.823921,656.785157,4.392998,0.903059,438.674413,221.675768,183.983805,0.130134,-0.051744,220.736014,116.889906,1.161981,0.206935,6.2717,-4.577107,131.818984,-0.023736,2044.416551,0.29465,0.257817,0.141489
SYNTH_046,3948.111365,297.206603,711.585896,0.741276,235.057056,4983.084372,0.589432,49.546676,0.606483,1050.469094,6447.121601,0.772328,4129.315315,0.652116,0.055202,70.990512,8.980395,-0.054262,6944.714844,52.307088,67.690571,1.303963,15.46144,395.987153,8105.308265,3095.408041,8126.503989,3.332692,6369.657046,0.759954,62.113407,4.524188,24.70329,-145.604482,485.009726,67.796444,1.145951,5.78606,237.9553,1.366444,6057.166637,0.526127,2.938384,1037.798977,723.973881,5.801786,69.980679,56.285038,0.583946,3497.206117,1.57028,75.556039,8.85975,0.839582,268.639768,9.724071,7.826134,8239.634747,0.166018,92.270467,0.384971,-15.082297,0.978807,35.392719,850.681907,1281.228277,0.926806,0.394977,50.86146,4.272585,0.918938,47.796799,0.571487,0.466559,33.071482,6658.375387,59.346661,47.459315,6.921252,0.710356,3.151853,46.719102,0.699071,0.273699,54.305642,3.848411,5175.950282,534.021153,6.539966,0.395552,692.136763,477.244972,563.608807,0.440254,0.797011,784.29277,761.731609,7.311035,0.390877,42.653124,37.507186,832.858224,0.398133,6644.195305,0.76488,0.3609,1.056
SYNTH_047,4397.573021,524.013899,507.274144,0.477083,664.650507,5313.177741,0.417492,59.877981,0.353325,7736.130476,5640.049562,0.201129,5446.114898,0.352378,0.634769,19.026775,1.779015,8.952599,4497.363971,47.81263,62.804797,4.814212,61.060978,667.244177,4154.205231,6300.244604,2103.683617,5.048993,5251.691578,0.432738,48.537929,5.912516,48.187787,867.44549,345.951073,55.619743,0.271613,2.356633,889.532854,7.268193,3378.480642,0.47295,82.840556,7480.183412,350.588653,5.790526,37.312566,53.898525,0.474485,4911.4242,7.544146,30.982959,2.71018,0.588661,7607.585117,3.827843,3.974073,23.207735,0.872758,27.914159,0.538208,867.23091,0.311776,70.261343,267.232017,6706.198957,0.287096,0.643871,46.578375,3.56096,0.316045,33.419636,0.406307,8.497291,60.200316,3979.463792,35.430097,55.19638,5.860789,0.557561,8.133268,53.203129,0.241229,0.444398,46.237654,4.791638,3549.079554,517.204169,4.870748,0.84102,320.083329,461.275722,257.874981,0.612589,0.267314,337.70233,122.302838,1.39537,0.525787,26.161773,36.359779,223.368375,0.27883,4445.658427,0.305859,0.428019,0.137674
SYNTH_048,9018.995044,278.995656,259.429759,0.62245,331.318712,6070.739509,0.640595,46.655056,1.00219,8311.775359,5014.610811,0.787544,4798.98211,0.652897,0.519222,72.891497,5.301765,5.533299,5523.563771,84.141307,16.21167,9.779425,50.53925,275.279775,7143.506375,3123.278881,5559.639665,6.234378,3368.29954,0.502922,56.416583,7.173091,17.775127,620.587077,1031.797212,57.143983,0.334267,9.650842,387.827933,2.708364,6256.623425,0.687633,40.100263,3541.772633,806.345633,5.497829,54.325324,34.019021,0.441373,1927.588341,2.465384,70.32726,4.54237,0.413835,2383.121018,1.467772,1.503081,9666.369926,-0.018672,87.89131,0.794427,-147.737126,-0.198964,11.934457,639.840969,10719.336145,0.325942,0.348998,42.846725,10.741449,0.430199,115.663411,0.61595,3.905308,78.613064,6523.098417,45.546473,110.027504,6.532974,0.071215,3.79188,35.650748,0.224236,0.262016,45.458483,1.661302,5049.801493,184.27783,6.078548,0.117809,416.857481,687.946628,811.612223,0.8767,1.133565,781.92913,1029.000808,9.974762,1.095357,124.456866,120.938987,951.118196,1.254691,8970.239448,0.967542,0.701134,0.761199
SYNTH_049,1968.916773,391.444407,492.848655,0.471489,684.187919,5046.7,0.405166,74.091444,0.233586,6604.437308,4491.654258,0.197062,5173.654585,0.268708,0.431579,18.067301,2.510367,7.415051,3409.432074,35.145088,82.175662,2.837886,38.467088,728.335858,6343.204391,6576.157006,950.976314,5.576054,6157.046382,0.459697,40.679268,5.660892,37.025586,731.130543,177.937902,65.437065,0.313486,1.713173,976.137342,7.670222,1460.391107,0.617679,76.640277,7545.062836,275.342068,5.345705,40.496744,53.931364,0.364765,4525.145388,9.405901,35.387188,4.176947,0.571994,8193.035823,6.116623,4.213029,-867.166788,1.084734,11.862017,0.423057,794.293416,0.499064,69.819749,323.269531,5386.284623,0.38455,0.805661,43.131245,0.514461,0.571901,31.163266,0.544529,7.316995,42.434336,4114.272185,35.026081,22.842012,5.482574,0.60982,6.292687,51.058006,0.24494,0.625879,40.448444,4.277561,1920.652265,606.215141,6.372568,0.93641,240.489247,308.082488,-29.974876,0.374816,0.016107,307.556502,-169.665916,1.174986,0.378608,-1.072862,0.01209,-0.53871,-0.229002,2054.417211,0.072002,0.138626,0.168474
SYNTH_050,4426.005265,603.270167,489.813544,0.474533,593.70927,6330.876723,0.581845,46.099111,0.350656,1991.229562,2629.529075,0.540586,4605.673798,0.431557,0.779714,79.089142,6.57387,4.054746,4576.0836,34.167857,18.247884,7.439517,61.452015,451.167704,2439.979432,4676.243414,7265.606197,6.064631,2526.917324,0.486532,57.409095,1.825619,67.142797,226.865193,367.885622,23.047075,0.576948,4.698129,52.40029,6.421522,5255.847053,0.25745,48.838342,5379.107884,491.511983,3.909794,75.787493,70.866078,0.581616,9583.406872,2.437378,40.162613,6.134658,0.076556,6522.489046,5.697528,7.696295,8132.943699,0.353847,55.933549,0.342937,646.631461,0.824203,53.042439,583.55592,2123.108427,0.686355,0.326492,60.439353,5.726855,0.284399,56.10631,0.424609,4.306333,44.074274,5314.401093,74.072848,37.204439,4.207419,0.525709,3.891851,67.094994,0.928034,0.74648,75.802668,9.10099,8567.636302,484.726578,2.405351,0.155888,692.250691,494.281077,959.417696,0.398971,0.39921,414.692987,690.513897,6.450662,0.22442,70.619935,49.210541,485.368764,0.794313,4401.885702,0.375322,0.831283,0.358996
SYNTH_051,5703.993696,382.529663,321.660371,0.507862,611.003434,4694.76609,0.46111,48.929843,0.567328,7261.967135,6646.16644,0.42173,6244.267832,0.464684,0.63748,30.355453,3.305922,7.467406,4704.981212,62.831838,62.93625,5.493504,53.130965,524.946367,4352.969836,5654.537809,2475.477923,4.397157,5128.318655,0.410337,46.464266,5.361271,41.655791,735.030885,526.122411,65.518401,0.30854,5.411701,848.471853,5.622565,4524.727692,0.640061,65.24928,6811.373098,428.810407,4.303727,35.347788,51.008636,0.433713,2593.900448,7.208935,47.157872,4.233215,0.623121,5513.044409,3.85219,1.799511,3429.290726,0.679167,45.35766,0.645893,455.33508,0.208289,35.117244,344.398187,6941.848847,0.507374,0.653014,55.349017,6.298023,0.474722,44.300813,0.543922,6.534257,56.044328,3570.839695,28.881294,62.730243,4.592429,0.392099,6.141709,41.2134,0.245057,0.346609,42.736688,3.586888,3862.890201,409.50857,5.063962,0.505352,273.091416,411.973169,249.939843,0.52892,0.514492,469.632583,445.272621,5.470687,0.712403,48.101928,52.311993,422.557204,0.449542,5977.091151,0.581092,0.344103,0.387725
SYNTH_052,6358.60757,459.232689,423.086443,0.626081,296.79447,6210.713324,0.662011,44.954085,0.64769,4780.114742,5235.221018,0.626575,4851.30637,0.565401,0.410107,71.979069,7.006665,3.987843,5701.594294,60.830709,33.689454,6.491499,46.531734,361.763182,5829.165299,3033.256666,4673.143978,6.101282,3629.620286,0.545659,44.117336,5.908878,36.781475,372.991071,637.492291,47.030745,0.513238,7.574798,355.699195,3.66455,6431.409697,0.503945,20.944221,3757.247238,669.168966,4.761276,59.271571,38.455122,0.511581,3213.1951,3.440078,66.550614,5.122981,0.539682,3386.676997,4.046354,4.319638,7797.055254,0.24876,81.528392,0.574095,222.968646,0.406885,36.816348,581.97863,6404.325037,0.401279,0.356168,40.629232,7.323083,0.567507,73.672893,0.573048,4.227685,52.541769,6999.788838,62.951548,66.522844,5.909093,0.382995,4.319989,37.676834,0.537596,0.354782,57.736633,3.694335,5541.511477,465.161569,5.497677,0.285393,589.700445,626.060236,685.514078,0.689567,0.95975,587.725716,887.418608,8.542526,0.652774,83.411335,81.273305,777.39815,0.850445,6631.346523,0.772908,0.633935,0.822498
SYNTH_053,9255.761979,768.887969,226.097339,0.483916,426.24669,6989.305964,0.594612,35.310188,0.690336,8141.815522,4232.827759,0.571843,5909.95537,0.626952,0.728401,80.486254,6.583844,6.428116,5984.960127,90.620708,-8.0068,11.374921,62.720185,358.312533,4017.079367,3793.774005,6224.502018,6.732908,1778.485725,0.33407,33.532402,4.601292,57.153943,820.989669,777.224531,26.858356,0.056772,9.474112,172.265567,1.947245,6339.589662,0.510374,55.761877,4997.094291,789.199794,5.767306,58.96994,39.139074,0.521132,4086.932499,2.908762,50.819506,2.685922,0.112809,2044.729977,-1.418038,2.044741,10340.473969,0.021378,62.843473,0.683506,325.904223,-0.217869,35.61251,379.700487,9012.992781,0.2854,0.232153,40.000891,11.808312,0.158981,102.019177,0.49783,6.423313,75.257187,5971.84757,54.573206,85.464054,5.470468,0.03688,4.157425,36.726419,0.505333,0.396072,51.494292,3.532044,5825.814585,221.539558,3.59224,0.183156,477.055636,808.367577,817.394546,0.888841,1.052837,698.98937,1071.874213,10.940665,0.775699,128.498669,128.683268,889.883697,1.452332,7030.386741,0.822006,1.055618,0.604353
SYNTH_054,1928.653738,497.048701,591.062189,0.538963,633.733141,4756.600837,0.398214,59.430802,0.335244,2846.809726,5368.866312,0.448228,4804.957612,0.457862,0.424922,30.551677,4.237345,4.152024,4824.444458,21.997278,65.370238,3.484031,52.984104,715.232698,4067.089472,5814.211269,5439.847011,3.317481,5877.060103,0.382202,49.988597,4.232146,53.878792,404.463924,327.859286,49.516917,0.480347,2.28219,444.80547,6.758666,4549.857554,0.38981,49.993785,6721.842211,390.172518,5.271839,58.495069,53.855492,0.489062,7129.392861,5.579678,32.177812,5.059065,0.537423,7036.527464,7.194602,6.393602,2750.535397,0.783031,28.140878,0.317682,686.367402,0.795865,58.486161,575.99293,2153.123063,0.524883,0.604047,57.455472,2.01967,0.616334,23.868257,0.412472,4.437747,45.664186,4685.907585,62.212219,26.278318,4.745432,0.747802,5.052696,67.827524,0.746934,0.63378,42.486207,7.534573,4373.11002,590.92185,5.013707,0.670773,530.182449,537.232622,405.185763,0.148206,0.193954,325.246946,-1.254399,2.528612,0.205211,16.693527,9.918336,220.8076,0.147772,3280.674595,0.313922,0.338754,0.299147
SYNTH_055,2007.999963,633.372333,606.53905,0.319734,818.55139,4075.67013,0.442108,61.951988,0.111342,2546.855704,4754.309733,0.330448,4874.234301,0.429491,0.727664,47.524261,3.384453,4.873705,5313.738467,15.167876,51.220795,3.326252,57.643093,747.853608,1851.474923,5941.9275,5440.134791,3.054504,4357.045709,0.368209,34.05127,1.593855,78.005722,289.315681,198.907021,30.744136,0.529799,1.597395,261.326798,8.107855,3169.812261,0.27919,55.61643,7517.416347,440.954915,3.941703,53.828249,66.323406,0.724307,9284.951065,4.50888,26.178651,6.141963,0.244735,8204.168146,7.372368,8.251407,2331.990113,0.743329,22.241706,0.302199,1178.877582,1.021361,76.334199,460.163169,-406.863245,0.460292,0.475379,67.706864,1.805073,0.428761,26.994167,0.261494,5.955944,30.946478,4122.773365,64.484694,-3.068457,3.345168,0.675916,5.522621,71.219459,0.892906,0.828591,56.753833,10.104859,7485.219844,773.824841,2.366635,0.526194,657.472384,584.521585,560.005824,0.255139,-0.044061,248.691281,191.488062,3.19958,0.12231,22.946846,11.107085,226.231093,0.13498,1797.277006,0.136388,0.427542,0.139158
SYNTH_056,4309.948303,91.189418,536.982108,0.732366,157.497402,3071.165661,0.515162,46.355297,0.749865,2400.563369,7325.808945,0.71272,5074.02339,0.44253,-0.094403,35.41432,6.958956,1.598856,5383.223544,62.605753,88.659298,0.377018,27.384284,440.596419,8958.974709,3790.035908,4390.619923,4.092168,8699.231,0.626068,57.070317,5.385534,12.275284,178.068502,491.293931,97.987517,0.964647,4.312267,738.625005,2.568076,4497.939051,0.722116,30.074736,1053.107544,486.676518,7.154727,32.842574,48.315015,0.475776,1763.210635,4.772835,76.031448,5.798831,1.168634,1947.282789,9.325812,5.72761,4553.891611,0.443657,82.826871,0.442051,19.126127,0.768239,30.576094,772.405407,4480.495592,0.792956,0.667525,47.769956,2.124381,1.067828,43.968259,0.632117,3.180206,35.379187,4575.954328,52.521543,41.18396,7.194856,0.720246,4.452467,23.195219,0.273014,0.286586,46.15451,1.914804,2472.215035,560.58576,8.388979,0.552908,480.38287,397.807999,326.230831,0.408029,0.801774,704.17357,482.308415,4.302162,0.499633,21.395266,25.810388,661.740581,0.124037,5007.626316,0.672376,0.273717,0.87281
SYNTH_057,6531.934987,354.988236,414.848546,0.605389,338.308475,3409.494209,0.457048,55.673622,0.779291,5353.922833,5376.838491,0.545303,4372.408105,0.489432,0.389675,34.092228,4.548949,6.342286,4799.215148,62.864541,63.717773,4.074159,43.366234,520.779429,7765.703563,4091.053967,3649.546362,5.486876,6089.652089,0.549772,38.656149,6.712634,27.4575,658.741466,636.255078,71.382578,0.444264,6.014406,894.101704,5.532464,3370.493387,0.731424,67.698158,5490.062936,467.603996,6.54152,46.152873,32.398047,0.359655,2900.330636,7.647168,63.229024,3.949859,0.753303,3562.073273,3.2702,2.740628,4504.161057,0.513449,53.878863,0.725419,339.596084,0.309993,40.62609,428.75238,8135.918056,0.530647,0.706527,33.00103,4.323802,0.574499,55.937344,0.670322,6.104872,51.237735,5156.230885,34.534913,74.556646,5.410529,0.385971,5.834335,40.508732,0.191838,0.28121,29.787736,1.921969,2150.393038,437.97428,7.143221,0.628292,407.753359,453.095015,186.052539,0.430123,0.642365,545.904306,493.297947,4.650085,0.772865,52.038452,52.172639,535.630255,0.411492,5574.001055,0.609747,0.381296,0.518826
SYNTH_058,7945.561297,724.189613,351.995985,0.496707,566.330635,5353.991867,0.503918,47.197346,0.525674,8475.615264,3708.05355,0.41088,5766.86327,0.401564,0.801712,50.857422,3.457563,7.520294,4222.728454,64.203092,24.697513,8.455041,61.928191,495.593836,4474.18883,6382.544033,4310.874767,5.906777,4043.926586,0.469861,48.874229,5.793119,60.407085,636.780661,658.498953,35.770412,0.206166,6.213111,718.199619,5.111718,6159.560549,0.59917,72.706774,7092.960284,478.675963,4.860814,57.059514,48.759169,0.564762,4455.858496,5.683581,35.027348,2.693179,0.262134,6319.280323,2.033115,2.154788,4633.235021,0.47469,33.238036,0.648982,559.479649,0.082035,37.516026,295.536884,6969.467144,0.326083,0.5265,45.509163,7.770535,0.299463,65.217104,0.410033,7.387728,69.862694,5005.476493,38.599505,69.867527,5.419983,0.348885,5.795354,60.602929,0.241918,0.430933,42.136565,3.128894,5019.371601,427.731951,4.349916,0.400411,369.95492,659.52227,464.18232,0.745923,0.54724,375.69793,561.215004,6.335539,0.730413,80.941228,67.753664,618.287223,0.801238,6513.059031,0.559082,0.496455,0.407046
SYNTH_059,7561.275012,712.898137,254.094604,0.453291,588.586084,6357.041158,0.55667,39.776753,0.637251,6603.901726,4137.949388,0.478944,4561.379032,0.658923,0.851624,78.647042,4.357439,8.136175,4716.521015,69.694121,0.471408,11.931135,74.862341,411.966632,3884.695513,5082.668913,5171.371362,7.11665,2316.301796,0.505195,56.742832,5.615866,66.261209,770.667038,710.986176,15.375906,0.13531,7.540517,246.067218,3.20802,7081.071971,0.314007,52.67747,5027.811275,572.116934,5.676373,57.464039,46.933919,0.62719,4972.199265,2.637129,44.193526,3.762367,0.015206,3798.244769,0.263367,1.22128,7661.656809,0.145227,52.678658,0.717036,475.575052,-0.150413,41.67186,308.113375,8576.853386,0.283631,0.267225,47.387523,9.874232,0.200816,86.878053,0.491567,7.509421,70.350035,5099.599243,55.527815,78.806915,4.805508,0.06045,4.453822,39.701792,0.490265,0.369613,45.870047,3.458371,7245.281344,265.916813,3.993942,0.233886,441.650424,659.544233,821.973539,0.908554,0.81625,668.530958,981.090563,10.128632,0.792327,108.045599,103.921078,834.045309,1.319603,6034.943394,0.765623,0.873618,0.456217
SYNTH_060,8492.35093,646.983912,216.115408,0.32192,719.086897,6535.536317,0.355536,43.742275,0.606766,10869.810259,3300.561378,0.39105,5849.03409,0.524203,1.058942,47.806464,2.713479,9.797111,3809.690164,75.508131,22.934493,10.639927,67.026241,449.83619,3106.416536,6250.662081,3146.362862,7.863783,1210.936878,0.30679,34.729866,8.439797,66.532544,1047.559909,566.751441,15.46517,-0.144444,7.857658,754.035726,5.119531,4694.935795,0.527157,81.585189,7770.372555,374.538693,4.182078,38.772424,38.918374,0.423646,3404.556969,6.103666,21.170121,0.994349,0.219307,6839.479332,-1.436583,0.447508,4134.213385,0.637142,17.083574,0.915262,699.123002,-0.205855,51.822243,113.523523,10383.44268,0.140904,0.561651,40.328535,9.301839,0.106391,86.578797,0.455205,8.66906,81.140101,5360.629161,39.620686,86.455007,4.715393,0.157875,6.708728,51.776868,0.226146,0.383784,32.5528,3.262098,3444.114423,325.861917,3.380822,0.536016,243.28133,632.083813,469.821306,0.795594,0.587589,431.742176,435.312774,6.201831,0.942129,90.917479,90.86064,497.614775,0.887326,6013.844944,0.528368,0.604358,0.270834
SYNTH_061,4793.451031,659.845823,507.489686,0.454335,503.119444,4738.09287,0.510711,45.432094,0.496595,4459.357192,4507.062828,0.540073,4953.109786,0.419622,0.713657,63.993846,4.846055,4.448436,5371.784359,49.216479,37.561779,7.322998,59.637976,484.965324,4528.704406,4542.517571,6018.789521,4.524181,2906.306925,0.530892,51.965837,5.260486,55.505133,566.945751,612.929346,31.783605,0.412579,5.703404,196.888527,4.762044,5364.069594,0.49037,50.40055,5786.698369,481.454767,4.681467,65.40042,54.669622,0.589,5403.898381,3.766662,52.396397,4.890934,0.171783,5649.132133,4.288526,5.64094,6065.033593,0.365212,54.638926,0.432151,554.631278,0.512244,57.177122,500.879051,4969.569111,0.431096,0.379157,47.52418,6.229085,0.36023,49.450488,0.439894,4.722001,43.964135,4985.398817,68.451284,57.679055,5.060719,0.458978,3.346479,50.53811,0.621795,0.513831,53.201581,5.830397,6657.916032,452.570613,3.294135,0.300876,450.78083,538.635177,681.374144,0.519781,0.537776,458.171319,693.303196,6.180995,0.423092,65.071043,66.052498,638.252634,0.723715,4879.693019,0.526894,0.764071,0.486222
SYNTH_062,4826.79964,500.590747,555.17618,0.51379,575.004207,5353.351552,0.340864,53.514087,0.543889,7470.61674,3325.333547,0.307857,5244.82687,0.401539,0.532392,32.89466,3.476623,7.332214,5213.686624,57.35234,59.505869,5.118378,52.189328,545.748595,5910.295713,5728.214772,4645.841358,6.535295,5670.730678,0.563708,43.352869,4.952795,38.336312,664.041883,535.171115,51.467697,0.367881,4.938993,802.084143,5.906673,4325.482914,0.61537,60.638707,7054.205618,374.015059,4.255002,50.404566,46.500565,0.433315,4682.306026,6.156905,43.438875,3.789196,0.589933,4406.692405,4.411306,3.814947,2614.730941,0.745913,43.971694,0.570229,660.966587,0.267516,48.196967,397.555373,6264.544856,0.345072,0.636849,41.155646,4.899647,0.436525,49.039668,0.410072,6.129533,46.024711,5510.707113,31.859912,70.377815,5.917435,0.58605,5.17133,45.130663,0.241302,0.553316,46.824843,3.605131,2798.330418,529.3579,5.187904,0.536405,317.672516,405.37658,350.527232,0.572452,0.328115,455.026082,342.830126,4.736253,0.537208,40.608599,46.159685,305.699413,0.46087,4967.11939,0.454782,0.391959,0.42884
SYNTH_063,112.26157,710.901066,841.251495,0.529957,510.306255,4212.384605,0.571318,44.299712,0.151748,-1391.717222,4562.155644,0.501039,3712.149003,0.46283,0.299509,59.025989,6.775112,1.057434,4715.042951,-4.062045,67.579649,-0.123203,39.986529,640.811565,3240.3614,4857.108605,7649.149495,2.004134,6198.639099,0.508689,61.876804,2.734948,69.025089,-16.848878,368.027902,42.872111,0.8093,1.519349,143.861007,6.618942,5430.048025,0.28958,34.925298,3973.848567,531.788373,3.591713,75.639946,66.646833,0.629418,8538.898879,2.801426,49.264075,8.187746,0.418386,6137.40905,10.832114,10.466979,3317.474495,0.58666,52.827486,0.168657,732.156727,1.341099,84.059741,569.656669,-2902.368746,0.745327,0.487367,73.504149,0.386698,0.686824,16.418073,0.436849,2.187294,11.058981,5459.975016,83.69457,0.383722,3.770033,0.973994,4.765446,61.984583,1.001071,0.718538,74.685223,9.607556,8324.89284,757.855079,4.118643,0.452857,869.204751,477.769877,666.601703,0.101992,0.200982,279.939164,441.858908,2.409267,0.018502,12.051541,5.685536,379.557986,0.056596,2689.169909,0.202939,0.388304,0.547358
SYNTH_064,7221.09393,258.545451,472.93021,0.652598,372.283884,5246.568914,0.487937,57.621896,0.744654,7115.901471,5955.352896,0.571607,4907.629452,0.646605,0.337054,56.860013,5.963091,4.632346,5499.366404,75.5901,43.575556,5.056737,40.520709,480.9486,7678.567589,3699.018519,4147.256116,6.326464,4896.881641,0.609129,49.189311,6.952857,30.643919,719.35678,759.964102,64.968553,0.619491,7.464156,675.596573,3.161278,5689.422423,0.672119,45.654011,4594.985135,601.678024,6.344239,57.172891,47.583113,0.324059,2135.723813,5.318854,69.119619,3.961829,0.591205,2812.583536,2.547935,2.296379,7413.002949,0.302279,72.614211,0.643004,226.627831,0.223169,28.714819,532.343119,9088.369309,0.373958,0.570169,38.363548,6.250953,0.55835,83.539322,0.662122,3.633868,68.097408,4779.113294,38.324623,83.843558,5.702739,0.277739,4.247592,38.321215,0.25129,0.281635,36.474821,1.241902,2393.374559,475.092947,7.22133,0.541254,478.927208,667.547309,390.127314,0.724782,0.84326,746.632193,637.775157,6.888752,0.721725,76.116405,77.411648,804.096594,0.802915,8174.858636,0.722725,0.445365,0.853372
SYNTH_065,4507.806681,591.370891,599.403373,0.53707,347.975824,3885.958248,0.718466,40.170378,0.584971,3417.855656,4630.661068,0.633918,4654.21512,0.657175,0.293768,78.136131,6.925135,2.417752,5924.154635,47.752041,36.305115,6.366561,53.164424,366.714286,3918.048427,2183.145342,7630.332148,5.432931,4877.072523,0.594232,55.937439,2.640413,56.094349,273.571617,625.805344,40.700484,0.76844,5.884398,92.278595,2.990793,6438.764285,0.420018,32.716971,2757.958938,661.42535,4.696759,67.672989,57.195273,0.573735,5813.024439,1.093869,57.978863,6.474162,0.286041,4077.887761,4.727227,7.456676,9359.003433,0.06077,87.648632,0.435485,238.746561,0.656052,35.978185,789.812313,5287.608214,0.619462,0.15503,56.729397,6.036299,0.487926,69.216816,0.564405,2.101539,57.457192,4199.522207,76.09224,43.858374,4.576774,0.429389,2.763464,47.422609,0.740654,0.44077,64.631586,6.321895,7215.312364,490.024149,4.344942,0.125229,662.918614,624.763122,864.147172,0.614921,0.80448,684.554855,957.007396,7.801382,0.369223,71.37568,75.199485,851.142581,0.910064,6631.208287,0.552862,0.810991,0.715649
SYNTH_066,5147.419948,485.891317,498.399674,0.614313,590.432621,3581.035495,0.463257,52.054552,0.412285,5945.633124,4152.915585,0.488797,5986.150042,0.468166,0.393106,33.715775,3.752118,6.181049,5463.976465,51.169748,60.393122,4.61596,40.742403,524.065637,6030.399445,6423.179028,4684.332532,5.418683,5347.167003,0.45885,42.243131,5.49116,43.96939,658.360159,499.293171,54.166771,0.362304,4.41231,713.616335,5.743401,5066.213551,0.738961,49.72562,4394.662371,420.652624,5.688613,48.097003,49.00169,0.394988,3663.868601,6.326697,43.720764,4.468081,0.570444,5057.734317,4.825828,2.940163,4154.040092,0.650994,46.676622,0.567399,619.121543,0.413438,47.282827,482.286899,6167.667208,0.523886,0.690621,42.474528,4.83949,0.469416,44.145786,0.410346,6.162539,45.475893,4878.21195,38.55578,56.83077,6.952968,0.492318,5.670771,49.138154,0.316785,0.501938,36.265908,3.889782,3871.072608,485.225504,6.452192,0.611624,289.987219,548.161852,347.72363,0.514319,0.388754,486.493585,362.865272,3.094139,0.561744,27.412348,45.861899,471.375975,0.358343,5559.752946,0.545761,0.298492,0.523537
SYNTH_067,3062.530109,344.492101,561.040289,0.584803,474.558678,3761.34573,0.371627,56.299971,0.426085,3672.612959,5269.335389,0.437045,4401.982046,0.433806,0.245642,29.643319,5.451861,4.465334,3808.854548,37.928787,93.486698,0.376267,40.472743,546.768194,6809.938422,4412.15589,4064.067154,3.094735,7948.944148,0.446488,47.899863,6.215342,45.070186,334.016844,292.931812,73.23004,0.677409,2.880684,613.412764,4.95949,3402.32094,0.580194,47.337817,5025.860117,375.871971,5.250708,43.122658,45.649144,0.357447,4533.717226,6.74668,59.116365,5.823885,0.784574,4419.138929,8.489724,6.629686,3986.243435,0.700942,46.829505,0.381588,382.901717,0.874271,60.129283,630.061319,3332.838902,0.723843,0.648724,49.421282,1.605283,0.831882,23.908672,0.503276,4.432783,37.648226,4990.518032,43.54187,27.797993,4.554444,0.685483,5.286094,48.705753,0.511066,0.45548,50.915381,4.028914,3855.755295,588.151398,5.556949,0.685176,538.408567,324.744054,249.863983,0.290448,0.398625,414.813208,208.163015,1.836685,0.285187,12.055041,6.47035,331.912935,0.000285,3945.987111,0.467441,0.163993,0.56283
SYNTH_068,7066.365482,810.113267,219.849189,0.33722,838.939043,7040.094476,0.390012,53.531383,0.502706,8005.773451,3400.833814,0.361594,5871.448291,0.565085,0.893363,57.257495,2.789484,8.169436,5501.773171,63.072694,17.418864,9.763415,76.856295,458.187091,3228.56861,6592.145261,5064.986859,5.470767,1828.11555,0.383497,41.894595,4.429119,76.442428,845.523685,519.153853,17.935978,0.132441,6.361161,414.127746,7.155131,6226.170473,0.476683,79.224742,8002.38361,445.498846,4.614723,44.553251,42.475492,0.463747,6629.380494,6.463383,25.090011,2.182912,0.011098,7969.712007,0.798521,3.264944,4425.744297,0.578901,30.4642,0.727291,842.215662,0.080731,57.831848,247.935409,7918.590972,0.202614,0.434409,48.625448,7.675026,0.026429,69.11335,0.423855,6.835029,65.880286,3821.044345,50.023957,69.536631,4.298487,0.221968,6.26025,60.233924,0.514058,0.597609,56.213284,5.500019,5765.027179,415.298924,3.006979,0.466198,392.665759,549.906322,597.508552,0.669437,0.435952,300.216567,472.468894,5.848476,0.733003,82.344881,80.924663,476.488704,0.700072,5241.519817,0.402657,0.718547,0.153638
SYNTH_069,4555.479494,738.511573,503.055922,0.435871,577.660107,5275.080321,0.478158,47.61085,0.509293,5346.944779,4686.22124,0.415458,5351.80479,0.547336,0.780106,68.663839,5.140623,4.689665,5216.697842,51.167073,22.600103,8.599642,72.147326,390.147195,2384.849494,5898.695771,6167.583075,5.826661,1938.364729,0.340401,58.175306,4.160133,68.692627,615.312126,613.815701,31.224993,0.34408,5.448761,360.853293,4.833217,5587.361823,0.451824,60.927311,4567.811677,442.253199,4.429568,69.671335,47.845843,0.628085,6457.342503,4.666033,43.116236,3.99385,0.251978,5739.73658,3.848404,5.29945,5317.529939,0.443706,35.258017,0.622994,700.201434,0.408056,57.085385,374.702991,4874.667745,0.353915,0.365953,59.109115,7.012493,0.306932,65.340743,0.328264,5.76779,70.020875,3789.717696,70.210671,56.341069,4.974581,0.30333,4.509766,60.962035,0.522924,0.522847,56.662538,5.903486,5795.615344,410.924673,3.364031,0.402958,407.750169,624.928298,663.009304,0.680536,0.510208,385.515346,667.59419,5.424205,0.566451,78.18097,74.714553,548.320784,0.738285,5151.167653,0.462602,0.694326,0.38192
SYNTH_070,6890.880813,354.896503,272.664481,0.427034,393.011949,4783.723146,0.451289,58.956499,0.724133,9426.084214,4713.053098,0.525461,6168.069499,0.475888,0.645384,37.647193,3.195222,7.013945,4793.821204,62.455203,53.631937,6.209217,57.016059,480.571337,6138.723495,4735.005333,3506.788288,6.892465,5955.994137,0.534094,38.211008,6.957506,32.3066,825.170392,512.645367,58.178544,0.25791,5.137463,818.360799,5.09749,4492.44404,0.668119,69.26609,7044.508456,483.40057,5.534752,38.026137,37.623274,0.342813,2975.516214,7.248111,51.353033,3.904661,0.609804,4827.480296,2.415636,0.87819,3487.589562,0.568605,54.809845,0.665269,361.797299,0.197429,39.92521,326.273526,9885.991277,0.273238,0.622662,42.957842,6.448297,0.611151,58.153262,0.588184,6.023527,64.219115,5056.581486,34.054019,80.113002,5.623686,0.374455,5.992564,34.229593,0.172876,0.281804,34.809436,2.870217,3224.109802,380.335803,5.797303,0.560069,389.516763,441.784391,159.519679,0.678312,0.589456,508.80504,418.266549,5.435014,0.774772,47.626009,70.862067,340.029936,0.506679,6362.803439,0.664255,0.425977,0.470853
SYNTH_071,8067.869935,524.211288,345.996259,0.378577,601.234806,6566.327504,0.554807,53.269964,0.621433,5940.759328,4312.756145,0.586171,4226.407325,0.624603,0.610973,70.374556,5.036826,7.053372,5695.532066,73.005698,-0.77658,10.097822,74.401428,354.557076,3888.510031,4246.840907,6952.528434,6.394178,3459.21448,0.526198,40.708024,4.644728,63.982108,691.527564,596.983894,20.087485,0.279057,7.544253,259.86141,3.12326,7145.898391,0.487871,48.967237,5430.285639,624.500517,3.998471,60.269663,43.657266,0.576777,3986.570922,3.778912,40.545218,3.728328,0.13203,3762.357948,0.451251,2.793076,9497.327721,0.099218,64.681096,0.6764,366.982682,0.04657,28.63542,414.397128,8281.098935,0.414269,0.282384,51.275585,9.340659,0.196087,80.020754,0.494033,4.615189,69.337519,6593.187188,53.401437,70.151766,4.360047,0.164781,3.468568,39.659786,0.592743,0.414538,48.181019,3.966067,6524.644479,315.339018,3.994152,0.225831,514.879537,725.804985,872.390775,0.937939,0.873866,624.730661,951.272279,9.986855,0.688567,117.440226,104.537266,833.745498,1.206321,6838.233083,0.678247,0.863887,0.516815
SYNTH_072,5904.318455,426.709477,485.331664,0.366583,619.063346,5341.79777,0.38072,70.616715,0.513063,7526.107014,4635.924022,0.327254,6935.164272,0.412281,0.462043,23.901826,5.240148,6.454197,4288.154665,53.539627,58.881543,5.374484,46.829647,575.247912,6852.201611,5028.981583,2974.491159,5.657594,5912.79831,0.551236,43.767885,7.633915,39.531963,750.658881,499.08217,56.498665,0.365503,6.459762,769.750151,6.795014,3380.194239,0.570522,72.517831,6957.316244,422.790686,5.403493,45.096802,41.843122,0.528926,3247.227209,6.987991,42.494248,3.084805,0.766024,5446.098137,4.115577,2.901164,2228.919963,0.811569,38.095934,0.571396,648.567421,0.392973,54.857892,282.429676,7600.471366,0.426466,0.66413,49.365403,4.518127,0.554213,47.410669,0.493988,7.273409,55.725247,4207.212888,41.649741,61.241649,5.510161,0.494824,5.45978,37.8386,0.223109,0.406326,38.821652,2.999147,3535.500115,485.416447,5.979921,0.560512,361.899417,311.385545,226.720514,0.463586,0.48412,520.835426,343.959355,2.673285,0.605949,44.081431,40.044698,260.342484,0.419133,4637.369479,0.440474,0.373063,0.293155
SYNTH_073,4158.840431,536.328212,497.300893,0.51837,450.857499,4803.105206,0.509467,49.933424,0.487597,5204.601731,5380.011843,0.551598,4552.479776,0.543562,0.446888,41.640797,4.670513,4.556521,5392.546665,51.765119,59.306054,4.172889,40.595874,491.416958,5468.484823,4613.610855,4488.92474,4.852137,4243.659402,0.558904,54.684004,4.997255,46.134352,423.942515,628.170295,47.117249,0.647525,5.285957,413.075707,5.192986,4463.791821,0.612474,47.843608,4305.314205,454.724591,5.208277,46.913545,57.43125,0.505693,5469.196282,4.245881,51.825092,5.110034,0.607218,4115.355769,6.264413,5.259362,4986.433009,0.469962,58.628002,0.510401,353.352606,0.56243,49.704026,510.688913,5135.179176,0.472362,0.423031,45.420973,4.810407,0.577609,39.320479,0.449723,5.076949,54.911789,5057.370768,39.83449,47.814597,5.079729,0.492692,4.435499,51.450681,0.4548,0.553572,53.543144,4.836486,4284.308753,546.034238,4.817207,0.471715,513.803546,480.486832,448.902479,0.545251,0.585165,541.957281,466.770668,4.585786,0.580051,50.340982,51.201193,429.077404,0.379263,4588.169055,0.482682,0.473429,0.647849
SYNTH_074,5416.053289,212.663603,572.588908,0.650579,307.701701,3843.787724,0.506077,53.961132,0.67802,5758.641577,6856.98895,0.586773,6194.730505,0.399677,0.151577,22.904259,6.827975,3.985767,6361.038901,64.119441,96.988452,0.667305,30.886706,485.046348,8936.488909,3508.542974,3300.468509,4.14,7214.7954,0.542559,52.423025,7.628729,9.774165,472.093595,467.419266,111.027698,0.715257,5.503441,812.160891,4.058955,3160.831878,0.63571,28.719713,4018.042323,490.038218,6.122749,30.12619,42.629225,0.250206,1554.287439,7.086529,77.081596,6.266354,1.145827,2781.652343,7.855276,4.984707,4591.454805,0.61392,70.40283,0.530123,4.575463,0.575294,31.738826,755.664821,5562.37437,0.636566,0.699647,41.388896,1.84192,0.896846,46.107152,0.620399,3.157267,53.226911,5972.73849,41.347316,51.845093,5.564055,0.623691,5.021761,43.275923,0.145727,0.237198,38.69128,-0.033463,486.634418,529.204293,7.613095,0.618422,450.586882,334.345079,165.52194,0.383281,0.660463,714.789768,413.683741,4.226682,0.620422,19.079589,39.375418,474.990029,0.107443,7001.183241,0.615073,0.098376,0.810235
SYNTH_075,4839.593662,273.14241,561.133465,0.557459,274.196105,3737.290337,0.508809,52.118992,0.682611,4994.175292,5810.496095,0.569212,4460.794595,0.487735,0.212676,51.393336,5.864391,4.846927,6094.15588,59.587825,83.672487,1.678589,27.380988,547.040072,7387.732346,3807.915781,3254.274902,5.045242,6781.027519,0.620201,47.771433,7.10936,22.238626,412.853178,469.246631,82.184606,0.696573,5.509085,756.387729,3.914696,3558.154683,0.593617,53.502377,3516.328072,463.101967,5.879214,42.358877,39.169581,0.368773,2783.177476,7.671786,62.279248,5.270473,0.806533,3324.623987,6.237163,4.562455,4701.369018,0.459114,61.90495,0.574876,240.336251,0.512298,31.320293,549.283845,5188.791343,0.58721,0.588319,31.293249,2.041106,0.837733,37.393684,0.685808,4.21916,48.297107,4753.850319,40.080888,56.013276,5.152585,0.562697,6.203549,45.2607,0.324236,0.415931,46.515997,3.345962,1935.716815,491.294787,7.374527,0.647924,447.124809,423.680305,229.454291,0.430894,0.518531,704.940784,335.683211,4.40288,0.62337,37.178721,38.940013,481.597818,0.197218,4896.515634,0.58135,0.242381,0.73437
SYNTH_076,5344.521342,521.194489,570.82538,0.53416,626.529333,4378.096079,0.401579,56.204189,0.525986,7225.661206,4997.801323,0.337123,5582.128865,0.416216,0.58838,34.830377,4.130445,7.151515,4615.795561,63.200623,48.909482,5.829061,55.216205,425.799588,4738.538398,6096.885208,3390.268245,5.807208,4440.24026,0.551775,58.026452,4.605274,47.666487,800.316887,540.525596,51.571673,0.30769,5.251962,675.64224,5.540313,3566.362696,0.542784,59.249672,5898.872362,467.340272,5.38527,38.352064,42.740702,0.509303,4596.451168,5.740731,44.600672,4.342173,0.490686,5674.20273,3.824574,3.919217,3081.454472,0.630514,16.878921,0.597765,541.383759,0.397216,53.818512,333.464302,8102.921119,0.324368,0.654404,43.34873,5.593403,0.463936,52.578287,0.381545,5.941941,60.343352,3943.554078,31.150003,55.727187,5.438324,0.516134,5.806953,52.869772,0.3864,0.461527,43.562118,4.044963,4542.70084,486.067083,4.180987,0.690722,327.880725,603.538542,258.04926,0.566892,0.520598,428.227719,449.691545,4.527144,0.591169,42.607768,47.328384,420.506229,0.475976,4928.69908,0.511071,0.492534,0.302073
SYNTH_077,4643.297047,258.781212,497.179852,0.657388,454.460302,5223.576548,0.42613,63.657152,0.377265,5470.566528,5174.875649,0.386021,4734.943479,0.404829,0.379095,16.532903,4.481989,5.262599,5096.896179,44.634457,80.074705,2.753301,39.959168,577.967999,6968.466717,6221.212473,2569.652289,5.174527,7219.350792,0.438233,43.961827,6.969979,36.405486,519.376166,385.147439,65.912868,0.464783,4.627527,855.772897,5.691456,4353.718967,0.66187,55.880188,5759.761658,339.761841,4.844663,48.394358,53.059417,0.453539,4235.460926,7.806343,44.572598,4.547388,0.778288,4122.389052,7.055993,4.240285,1234.21047,0.728677,36.137129,0.465114,527.528396,0.500622,49.39441,376.537544,5613.096661,0.445271,0.696385,44.086807,2.55666,0.618559,37.070679,0.555596,6.812583,39.020953,5267.701413,27.04714,53.889546,6.515101,0.649486,5.950603,47.625826,0.296826,0.417875,47.825547,3.543783,3227.668701,555.741216,5.762396,0.693504,333.004659,412.721091,122.785196,0.32114,0.427075,547.130998,169.671031,2.13623,0.541869,15.641005,17.840296,272.52831,0.133564,4284.904489,0.444537,0.213442,0.461262
SYNTH_078,5043.332798,290.462279,583.114036,0.593236,324.262891,3981.729317,0.467336,55.973036,0.525523,3410.334847,5509.133166,0.538277,3551.277483,0.440556,0.209424,38.894937,5.488158,3.264071,5731.749074,53.094418,80.947242,1.363189,40.673375,481.624716,6827.429772,3264.674904,5708.63405,4.410212,7003.028009,0.5679,58.830992,5.810977,26.629952,369.428004,416.092172,79.417691,0.830696,3.916902,633.790902,5.144983,4247.01169,0.54212,32.853492,3271.797455,379.709464,6.319406,44.457938,59.003684,0.472723,4173.387514,5.929716,62.93827,6.037087,0.881137,3115.013514,7.982545,6.422899,4759.268207,0.541107,48.834979,0.3708,392.416057,0.887565,52.250172,777.523984,3233.771258,0.77244,0.589602,51.538186,3.044305,0.758307,21.139152,0.567837,3.03184,44.522284,5157.243573,57.257242,36.77786,5.68695,0.653723,4.980853,42.749495,0.456052,0.508147,53.097491,5.534467,4426.853131,562.869872,6.300426,0.688654,556.608496,364.494087,358.832413,0.350515,0.488087,570.000018,434.793045,5.572341,0.409241,36.068084,36.853987,424.311355,0.203987,6800.873711,0.533722,0.317786,0.835839
SYNTH_079,5464.474039,530.502262,469.666804,0.562013,459.191187,4709.935594,0.591965,47.420065,0.57212,5193.729158,5668.429857,0.47936,5021.512387,0.486805,0.410494,41.872621,5.382022,4.707616,4606.297253,49.122949,60.83971,2.805081,43.820368,477.240672,5366.443165,4259.3817,3665.744538,5.125785,6106.22002,0.515335,48.732375,5.305438,50.570278,631.811567,417.580255,61.220503,0.460945,3.698439,542.985507,4.139767,5318.579415,0.549721,45.912521,5338.506903,471.831336,5.532446,54.381716,56.252152,0.443714,5411.762598,5.242568,50.038542,4.922493,0.620492,4312.882286,4.973739,5.577276,5995.55729,0.514106,35.040142,0.540554,381.224696,0.456897,53.839272,528.345656,6037.325416,0.435325,0.621875,55.239838,4.813705,0.581673,48.838672,0.447194,4.31328,55.538185,3497.866586,38.908659,54.965892,4.732658,0.562545,4.420456,52.886019,0.492972,0.408173,53.202806,3.768258,4841.703166,524.749598,6.525978,0.582742,411.882504,528.261022,427.144966,0.470396,0.481905,553.291339,465.509223,3.947424,0.563774,49.056401,50.444226,452.89074,0.541879,5102.347856,0.43762,0.398658,0.605306
